index	arm9_relative_offset	page	code_hex	native_character	x0	y0	x1	y1	width	height
0	000C8978	0	0021	!	0	0	8	14	9	15
1	000C8984	0	0022	""""	9	0	17	14	9	15
2	000C8990	0	0023	#	18	0	26	14	9	15
3	000C899C	0	0024	$	27	0	35	14	9	15
4	000C89A8	0	0025	%	36	0	44	14	9	15
5	000C89B4	0	0026	&	45	0	53	14	9	15
6	000C89C0	0	0027	'	54	0	62	14	9	15
7	000C89CC	0	0028	(	63	0	71	14	9	15
8	000C89D8	0	0029	)	72	0	80	14	9	15
9	000C89E4	0	002A	*	81	0	89	14	9	15
10	000C89F0	0	002B	+	90	0	98	14	9	15
11	000C89FC	0	002C	,	99	0	107	14	9	15
12	000C8A08	0	002D	-	108	0	116	14	9	15
13	000C8A14	0	002E	.	117	0	125	14	9	15
14	000C8A20	0	002F	/	126	0	134	14	9	15
15	000C8A2C	0	0030	0	135	0	143	14	9	15
16	000C8A38	0	0031	1	144	0	152	14	9	15
17	000C8A44	0	0032	2	153	0	161	14	9	15
18	000C8A50	0	0033	3	162	0	170	14	9	15
19	000C8A5C	0	0034	4	171	0	179	14	9	15
20	000C8A68	0	0035	5	180	0	188	14	9	15
21	000C8A74	0	0036	6	189	0	197	14	9	15
22	000C8A80	0	0037	7	198	0	206	14	9	15
23	000C8A8C	0	0038	8	207	0	215	14	9	15
24	000C8A98	0	0039	9	216	0	224	14	9	15
25	000C8AA4	0	003A	:	225	0	233	14	9	15
26	000C8AB0	0	003B	;	234	0	242	14	9	15
27	000C8ABC	0	003C	<	243	0	251	14	9	15
28	000C8AC8	0	003D	=	0	15	8	29	9	15
29	000C8AD4	0	003E	>	9	15	17	29	9	15
30	000C8AE0	0	003F	?	18	15	26	29	9	15
31	000C8AEC	0	0040	@	27	15	35	29	9	15
32	000C8AF8	0	0041	A	36	15	44	29	9	15
33	000C8B04	0	0042	B	45	15	53	29	9	15
34	000C8B10	0	0043	C	54	15	62	29	9	15
35	000C8B1C	0	0044	D	63	15	71	29	9	15
36	000C8B28	0	0045	E	72	15	80	29	9	15
37	000C8B34	0	0046	F	81	15	89	29	9	15
38	000C8B40	0	0047	G	90	15	98	29	9	15
39	000C8B4C	0	0048	H	99	15	107	29	9	15
40	000C8B58	0	0049	I	108	15	116	29	9	15
41	000C8B64	0	004A	J	117	15	125	29	9	15
42	000C8B70	0	004B	K	126	15	134	29	9	15
43	000C8B7C	0	004C	L	135	15	143	29	9	15
44	000C8B88	0	004D	M	144	15	152	29	9	15
45	000C8B94	0	004E	N	153	15	161	29	9	15
46	000C8BA0	0	004F	O	162	15	170	29	9	15
47	000C8BAC	0	0050	P	171	15	179	29	9	15
48	000C8BB8	0	0051	Q	180	15	188	29	9	15
49	000C8BC4	0	0052	R	189	15	197	29	9	15
50	000C8BD0	0	0053	S	198	15	206	29	9	15
51	000C8BDC	0	0054	T	207	15	215	29	9	15
52	000C8BE8	0	0055	U	216	15	224	29	9	15
53	000C8BF4	0	0056	V	225	15	233	29	9	15
54	000C8C00	0	0057	W	234	15	242	29	9	15
55	000C8C0C	0	0058	X	243	15	251	29	9	15
56	000C8C18	0	0059	Y	0	30	8	44	9	15
57	000C8C24	0	005A	Z	9	30	17	44	9	15
58	000C8C30	0	005B	[	18	30	26	44	9	15
59	000C8C3C	0	005C	\	27	30	35	44	9	15
60	000C8C48	0	005D	]	36	30	44	44	9	15
61	000C8C54	0	005E	^	45	30	53	44	9	15
62	000C8C60	0	005F	_	54	30	62	44	9	15
63	000C8C6C	0	0060	`	63	30	71	44	9	15
64	000C8C78	0	0061	a	72	30	80	44	9	15
65	000C8C84	0	0062	b	81	30	89	44	9	15
66	000C8C90	0	0063	c	90	30	98	44	9	15
67	000C8C9C	0	0064	d	99	30	107	44	9	15
68	000C8CA8	0	0065	e	108	30	116	44	9	15
69	000C8CB4	0	0066	f	117	30	125	44	9	15
70	000C8CC0	0	0067	g	126	30	134	44	9	15
71	000C8CCC	0	0068	h	135	30	143	44	9	15
72	000C8CD8	0	0069	i	144	30	152	44	9	15
73	000C8CE4	0	006A	j	153	30	161	44	9	15
74	000C8CF0	0	006B	k	162	30	170	44	9	15
75	000C8CFC	0	006C	l	171	30	179	44	9	15
76	000C8D08	0	006D	m	180	30	188	44	9	15
77	000C8D14	0	006E	n	189	30	197	44	9	15
78	000C8D20	0	006F	o	198	30	206	44	9	15
79	000C8D2C	0	0070	p	207	30	215	44	9	15
80	000C8D38	0	0071	q	216	30	224	44	9	15
81	000C8D44	0	0072	r	225	30	233	44	9	15
82	000C8D50	0	0073	s	234	30	242	44	9	15
83	000C8D5C	0	0074	t	243	30	251	44	9	15
84	000C8D68	0	0075	u	0	45	8	59	9	15
85	000C8D74	0	0076	v	9	45	17	59	9	15
86	000C8D80	0	0077	w	18	45	26	59	9	15
87	000C8D8C	0	0078	x	27	45	35	59	9	15
88	000C8D98	0	0079	y	36	45	44	59	9	15
89	000C8DA4	0	007A	z	45	45	53	59	9	15
90	000C8DB0	0	007B	{	54	45	62	59	9	15
91	000C8DBC	0	007C	|	63	45	71	59	9	15
92	000C8DC8	0	007D	}	72	45	80	59	9	15
93	000C8DD4	0	007E	~	81	45	89	59	9	15
94	000C8DE0	0	00A1	｡	90	45	98	59	9	15
95	000C8DEC	0	00A4	､	99	45	107	59	9	15
96	000C8DF8	0	00A5	･	108	45	116	59	9	15
97	000C8E04	0	00A6	ｦ	117	45	125	59	9	15
98	000C8E10	0	00A7	ｧ	126	45	134	59	9	15
99	000C8E1C	0	00AC	ｬ	135	45	143	59	9	15
100	000C8E28	0	00AD	ｭ	144	45	152	59	9	15
101	000C8E34	0	00AE	ｮ	153	45	161	59	9	15
102	000C8E40	0	00AF	ｯ	162	45	170	59	9	15
103	000C8E4C	0	00B0	ｰ	171	45	179	59	9	15
104	000C8E58	0	00B1	ｱ	180	45	188	59	9	15
105	000C8E64	0	00B2	ｲ	189	45	197	59	9	15
106	000C8E70	0	00B3	ｳ	198	45	206	59	9	15
107	000C8E7C	0	00B4	ｴ	207	45	215	59	9	15
108	000C8E88	0	00B5	ｵ	216	45	224	59	9	15
109	000C8E94	0	00B6	ｶ	225	45	233	59	9	15
110	000C8EA0	0	00B7	ｷ	234	45	242	59	9	15
111	000C8EAC	0	00B8	ｸ	243	45	251	59	9	15
112	000C8EB8	0	00B9	ｹ	0	60	8	74	9	15
113	000C8EC4	0	00BA	ｺ	9	60	17	74	9	15
114	000C8ED0	0	00BB	ｻ	18	60	26	74	9	15
115	000C8EDC	0	00BC	ｼ	27	60	35	74	9	15
116	000C8EE8	0	00BD	ｽ	36	60	44	74	9	15
117	000C8EF4	0	00BE	ｾ	45	60	53	74	9	15
118	000C8F00	0	00BF	ｿ	54	60	62	74	9	15
119	000C8F0C	0	00C0	ﾀ	63	60	71	74	9	15
120	000C8F18	0	00C1	ﾁ	72	60	80	74	9	15
121	000C8F24	0	00C2	ﾂ	81	60	89	74	9	15
122	000C8F30	0	00C3	ﾃ	90	60	98	74	9	15
123	000C8F3C	0	00C4	ﾄ	99	60	107	74	9	15
124	000C8F48	0	00C5	ﾅ	108	60	116	74	9	15
125	000C8F54	0	00C6	ﾆ	117	60	125	74	9	15
126	000C8F60	0	00C7	ﾇ	126	60	134	74	9	15
127	000C8F6C	0	00C8	ﾈ	135	60	143	74	9	15
128	000C8F78	0	00C9	ﾉ	144	60	152	74	9	15
129	000C8F84	0	00CA	ﾊ	153	60	161	74	9	15
130	000C8F90	0	00CB	ﾋ	162	60	170	74	9	15
131	000C8F9C	0	00CC	ﾌ	171	60	179	74	9	15
132	000C8FA8	0	00CD	ﾍ	180	60	188	74	9	15
133	000C8FB4	0	00CE	ﾎ	189	60	197	74	9	15
134	000C8FC0	0	00CF	ﾏ	198	60	206	74	9	15
135	000C8FCC	0	00D0	ﾐ	207	60	215	74	9	15
136	000C8FD8	0	00D1	ﾑ	216	60	224	74	9	15
137	000C8FE4	0	00D2	ﾒ	225	60	233	74	9	15
138	000C8FF0	0	00D3	ﾓ	234	60	242	74	9	15
139	000C8FFC	0	00D4	ﾔ	243	60	251	74	9	15
140	000C9008	0	00D5	ﾕ	0	75	8	89	9	15
141	000C9014	0	00D6	ﾖ	9	75	17	89	9	15
142	000C9020	0	00D7	ﾗ	18	75	26	89	9	15
143	000C902C	0	00D8	ﾘ	27	75	35	89	9	15
144	000C9038	0	00D9	ﾙ	36	75	44	89	9	15
145	000C9044	0	00DA	ﾚ	45	75	53	89	9	15
146	000C9050	0	00DB	ﾛ	54	75	62	89	9	15
147	000C905C	0	00DC	ﾜ	63	75	71	89	9	15
148	000C9068	0	00DD	ﾝ	72	75	80	89	9	15
149	000C9074	0	00DE	ﾞ	81	75	89	89	9	15
150	000C9080	0	00DF	ﾟ	90	75	98	89	9	15
151	000C908C	0	8140	　	99	75	113	89	15	15
152	000C9098	0	8141	、	114	75	128	89	15	15
153	000C90A4	0	8142	。	129	75	143	89	15	15
154	000C90B0	0	8144	．	144	75	158	89	15	15
155	000C90BC	0	8145	・	159	75	173	89	15	15
156	000C90C8	0	8146	：	174	75	188	89	15	15
157	000C90D4	0	8147	；	189	75	203	89	15	15
158	000C90E0	0	8148	？	204	75	218	89	15	15
159	000C90EC	0	8149	！	219	75	233	89	15	15
160	000C90F8	0	814B	゜	234	75	248	89	15	15
161	000C9104	0	814C	´	0	90	14	104	15	15
162	000C9110	0	814D	｀	15	90	29	104	15	15
163	000C911C	0	814F	＾	30	90	44	104	15	15
164	000C9128	0	8150	￣	45	90	59	104	15	15
165	000C9134	0	8151	＿	60	90	74	104	15	15
166	000C9140	0	8152	ヽ	75	90	89	104	15	15
167	000C914C	0	8154	ゝ	90	90	104	104	15	15
168	000C9158	0	8158	々	105	90	119	104	15	15
169	000C9164	0	815B	ー	120	90	134	104	15	15
170	000C9170	0	815C	―	135	90	149	104	15	15
171	000C917C	0	815E	／	150	90	164	104	15	15
172	000C9188	0	815F	＼	165	90	179	104	15	15
173	000C9194	0	8160	〜	180	90	194	104	15	15
174	000C91A0	0	8161	‖	195	90	209	104	15	15
175	000C91AC	0	8162	｜	210	90	224	104	15	15
176	000C91B8	0	8163	…	225	90	239	104	15	15
177	000C91C4	0	8165	‘	240	90	254	104	15	15
178	000C91D0	0	8166	’	0	105	14	119	15	15
179	000C91DC	0	8168	”	15	105	29	119	15	15
180	000C91E8	0	8169	（	30	105	44	119	15	15
181	000C91F4	0	816A	）	45	105	59	119	15	15
182	000C9200	0	816F	｛	60	105	74	119	15	15
183	000C920C	0	8170	｝	75	105	89	119	15	15
184	000C9218	0	8173	《	90	105	104	119	15	15
185	000C9224	0	8174	》	105	105	119	119	15	15
186	000C9230	0	8175	「	120	105	134	119	15	15
187	000C923C	0	8176	」	135	105	149	119	15	15
188	000C9248	0	8177	『	150	105	164	119	15	15
189	000C9254	0	8178	』	165	105	179	119	15	15
190	000C9260	0	8179	【	180	105	194	119	15	15
191	000C926C	0	817A	】	195	105	209	119	15	15
192	000C9278	0	817B	＋	210	105	224	119	15	15
193	000C9284	0	817C	−	225	105	239	119	15	15
194	000C9290	0	817E	×	240	105	254	119	15	15
195	000C929C	0	8180	÷	0	120	14	134	15	15
196	000C92A8	0	8181	＝	15	120	29	134	15	15
197	000C92B4	0	8182	≠	30	120	44	134	15	15
198	000C92C0	0	8183	＜	45	120	59	134	15	15
199	000C92CC	0	8184	＞	60	120	74	134	15	15
200	000C92D8	0	8186	≧	75	120	89	134	15	15
201	000C92E4	0	8187	∞	90	120	104	134	15	15
202	000C92F0	0	818F	￥	105	120	119	134	15	15
203	000C92FC	0	8190	＄	120	120	134	134	15	15
204	000C9308	0	8192	£	135	120	149	134	15	15
205	000C9314	0	8193	％	150	120	164	134	15	15
206	000C9320	0	8194	＃	165	120	179	134	15	15
207	000C932C	0	8195	＆	180	120	194	134	15	15
208	000C9338	0	8196	＊	195	120	209	134	15	15
209	000C9344	0	8197	＠	210	120	224	134	15	15
210	000C9350	0	8199	☆	225	120	239	134	15	15
211	000C935C	0	819A	★	240	120	254	134	15	15
212	000C9368	0	819B	○	0	135	14	149	15	15
213	000C9374	0	819C	●	15	135	29	149	15	15
214	000C9380	0	819E	◇	30	135	44	149	15	15
215	000C938C	0	819F	◆	45	135	59	149	15	15
216	000C9398	0	81A1	■	60	135	74	149	15	15
217	000C93A4	0	81A6	※	75	135	89	149	15	15
218	000C93B0	0	81A8	→	90	135	104	149	15	15
219	000C93BC	0	81A9	←	105	135	119	149	15	15
220	000C93C8	0	81AA	↑	120	135	134	149	15	15
221	000C93D4	0	81AB	↓	135	135	149	149	15	15
222	000C93E0	0	81B9	∋	150	135	164	149	15	15
223	000C93EC	0	81BC	⊂	165	135	179	149	15	15
224	000C93F8	0	81BE	∪	180	135	194	149	15	15
225	000C9404	0	81C9	∨	195	135	209	149	15	15
226	000C9410	0	81CD	∀	210	135	224	149	15	15
227	000C941C	0	81DA	∠	225	135	239	149	15	15
228	000C9428	0	81DC	⌒	240	135	254	149	15	15
229	000C9434	0	81DF	≡	0	150	14	164	15	15
230	000C9440	0	81E0	≒	15	150	29	164	15	15
231	000C944C	0	81E2	≫	30	150	44	164	15	15
232	000C9458	0	81E3	√	45	150	59	164	15	15
233	000C9464	0	81F4	♪	60	150	74	164	15	15
234	000C9470	0	824F	０	75	150	89	164	15	15
235	000C947C	0	8250	１	90	150	104	164	15	15
236	000C9488	0	8251	２	105	150	119	164	15	15
237	000C9494	0	8252	３	120	150	134	164	15	15
238	000C94A0	0	8253	４	135	150	149	164	15	15
239	000C94AC	0	8254	５	150	150	164	164	15	15
240	000C94B8	0	8255	６	165	150	179	164	15	15
241	000C94C4	0	8256	７	180	150	194	164	15	15
242	000C94D0	0	8257	８	195	150	209	164	15	15
243	000C94DC	0	8258	９	210	150	224	164	15	15
244	000C94E8	0	8260	Ａ	225	150	239	164	15	15
245	000C94F4	0	8261	Ｂ	240	150	254	164	15	15
246	000C9500	0	8262	Ｃ	0	165	14	179	15	15
247	000C950C	0	8263	Ｄ	15	165	29	179	15	15
248	000C9518	0	8264	Ｅ	30	165	44	179	15	15
249	000C9524	0	8265	Ｆ	45	165	59	179	15	15
250	000C9530	0	8266	Ｇ	60	165	74	179	15	15
251	000C953C	0	8267	Ｈ	75	165	89	179	15	15
252	000C9548	0	8268	Ｉ	90	165	104	179	15	15
253	000C9554	0	8269	Ｊ	105	165	119	179	15	15
254	000C9560	0	826A	Ｋ	120	165	134	179	15	15
255	000C956C	0	826B	Ｌ	135	165	149	179	15	15
256	000C9578	0	826C	Ｍ	150	165	164	179	15	15
257	000C9584	0	826D	Ｎ	165	165	179	179	15	15
258	000C9590	0	826E	Ｏ	180	165	194	179	15	15
259	000C959C	0	826F	Ｐ	195	165	209	179	15	15
260	000C95A8	0	8270	Ｑ	210	165	224	179	15	15
261	000C95B4	0	8271	Ｒ	225	165	239	179	15	15
262	000C95C0	0	8272	Ｓ	240	165	254	179	15	15
263	000C95CC	0	8273	Ｔ	0	180	14	194	15	15
264	000C95D8	0	8274	Ｕ	15	180	29	194	15	15
265	000C95E4	0	8275	Ｖ	30	180	44	194	15	15
266	000C95F0	0	8276	Ｗ	45	180	59	194	15	15
267	000C95FC	0	8277	Ｘ	60	180	74	194	15	15
268	000C9608	0	8278	Ｙ	75	180	89	194	15	15
269	000C9614	0	8279	Ｚ	90	180	104	194	15	15
270	000C9620	0	8281	ａ	105	180	119	194	15	15
271	000C962C	0	8282	ｂ	120	180	134	194	15	15
272	000C9638	0	8283	ｃ	135	180	149	194	15	15
273	000C9644	0	8284	ｄ	150	180	164	194	15	15
274	000C9650	0	8285	ｅ	165	180	179	194	15	15
275	000C965C	0	8286	ｆ	180	180	194	194	15	15
276	000C9668	0	8287	ｇ	195	180	209	194	15	15
277	000C9674	0	8288	ｈ	210	180	224	194	15	15
278	000C9680	0	8289	ｉ	225	180	239	194	15	15
279	000C968C	0	828A	ｊ	240	180	254	194	15	15
280	000C9698	0	828B	ｋ	0	195	14	209	15	15
281	000C96A4	0	828C	ｌ	15	195	29	209	15	15
282	000C96B0	0	828D	ｍ	30	195	44	209	15	15
283	000C96BC	0	828E	ｎ	45	195	59	209	15	15
284	000C96C8	0	828F	ｏ	60	195	74	209	15	15
285	000C96D4	0	8290	ｐ	75	195	89	209	15	15
286	000C96E0	0	8291	ｑ	90	195	104	209	15	15
287	000C96EC	0	8292	ｒ	105	195	119	209	15	15
288	000C96F8	0	8293	ｓ	120	195	134	209	15	15
289	000C9704	0	8294	ｔ	135	195	149	209	15	15
290	000C9710	0	8295	ｕ	150	195	164	209	15	15
291	000C971C	0	8296	ｖ	165	195	179	209	15	15
292	000C9728	0	8297	ｗ	180	195	194	209	15	15
293	000C9734	0	8298	ｘ	195	195	209	209	15	15
294	000C9740	0	8299	ｙ	210	195	224	209	15	15
295	000C974C	0	829A	ｚ	225	195	239	209	15	15
296	000C9758	0	829F	ぁ	240	195	254	209	15	15
297	000C9764	0	82A0	あ	0	210	14	224	15	15
298	000C9770	0	82A1	ぃ	15	210	29	224	15	15
299	000C977C	0	82A2	い	30	210	44	224	15	15
300	000C9788	0	82A3	ぅ	45	210	59	224	15	15
301	000C9794	0	82A4	う	60	210	74	224	15	15
302	000C97A0	0	82A5	ぇ	75	210	89	224	15	15
303	000C97AC	0	82A6	え	90	210	104	224	15	15
304	000C97B8	0	82A7	ぉ	105	210	119	224	15	15
305	000C97C4	0	82A8	お	120	210	134	224	15	15
306	000C97D0	0	82A9	か	135	210	149	224	15	15
307	000C97DC	0	82AA	が	150	210	164	224	15	15
308	000C97E8	0	82AB	き	165	210	179	224	15	15
309	000C97F4	0	82AC	ぎ	180	210	194	224	15	15
310	000C9800	0	82AD	く	195	210	209	224	15	15
311	000C980C	0	82AE	ぐ	210	210	224	224	15	15
312	000C9818	0	82AF	け	225	210	239	224	15	15
313	000C9824	0	82B0	げ	240	210	254	224	15	15
314	000C9830	0	82B1	こ	0	225	14	239	15	15
315	000C983C	0	82B2	ご	15	225	29	239	15	15
316	000C9848	0	82B3	さ	30	225	44	239	15	15
317	000C9854	0	82B4	ざ	45	225	59	239	15	15
318	000C9860	0	82B5	し	60	225	74	239	15	15
319	000C986C	0	82B6	じ	75	225	89	239	15	15
320	000C9878	0	82B7	す	90	225	104	239	15	15
321	000C9884	0	82B8	ず	105	225	119	239	15	15
322	000C9890	0	82B9	せ	120	225	134	239	15	15
323	000C989C	0	82BA	ぜ	135	225	149	239	15	15
324	000C98A8	0	82BB	そ	150	225	164	239	15	15
325	000C98B4	0	82BC	ぞ	165	225	179	239	15	15
326	000C98C0	0	82BD	た	180	225	194	239	15	15
327	000C98CC	0	82BE	だ	195	225	209	239	15	15
328	000C98D8	0	82BF	ち	210	225	224	239	15	15
329	000C98E4	0	82C0	ぢ	225	225	239	239	15	15
330	000C98F0	0	82C1	っ	240	225	254	239	15	15
331	000C98FC	0	82C2	つ	0	240	14	254	15	15
332	000C9908	0	82C3	づ	15	240	29	254	15	15
333	000C9914	0	82C4	て	30	240	44	254	15	15
334	000C9920	0	82C5	で	45	240	59	254	15	15
335	000C992C	0	82C6	と	60	240	74	254	15	15
336	000C9938	0	82C7	ど	75	240	89	254	15	15
337	000C9944	0	82C8	な	90	240	104	254	15	15
338	000C9950	0	82C9	に	105	240	119	254	15	15
339	000C995C	0	82CA	ぬ	120	240	134	254	15	15
340	000C9968	0	82CB	ね	135	240	149	254	15	15
341	000C9974	0	82CC	の	150	240	164	254	15	15
342	000C9980	0	82CD	は	165	240	179	254	15	15
343	000C998C	0	82CE	ば	180	240	194	254	15	15
344	000C9998	0	82CF	ぱ	195	240	209	254	15	15
345	000C99A4	0	82D0	ひ	210	240	224	254	15	15
346	000C99B0	0	82D1	び	225	240	239	254	15	15
347	000C99BC	0	82D2	ぴ	240	240	254	254	15	15
348	000C99C8	1	82D3	ふ	0	0	14	14	15	15
349	000C99D4	1	82D4	ぶ	15	0	29	14	15	15
350	000C99E0	1	82D5	ぷ	30	0	44	14	15	15
351	000C99EC	1	82D6	へ	45	0	59	14	15	15
352	000C99F8	1	82D7	べ	60	0	74	14	15	15
353	000C9A04	1	82D8	ぺ	75	0	89	14	15	15
354	000C9A10	1	82D9	ほ	90	0	104	14	15	15
355	000C9A1C	1	82DA	ぼ	105	0	119	14	15	15
356	000C9A28	1	82DB	ぽ	120	0	134	14	15	15
357	000C9A34	1	82DC	ま	135	0	149	14	15	15
358	000C9A40	1	82DD	み	150	0	164	14	15	15
359	000C9A4C	1	82DE	む	165	0	179	14	15	15
360	000C9A58	1	82DF	め	180	0	194	14	15	15
361	000C9A64	1	82E0	も	195	0	209	14	15	15
362	000C9A70	1	82E1	ゃ	210	0	224	14	15	15
363	000C9A7C	1	82E2	や	225	0	239	14	15	15
364	000C9A88	1	82E3	ゅ	240	0	254	14	15	15
365	000C9A94	1	82E4	ゆ	0	15	14	29	15	15
366	000C9AA0	1	82E5	ょ	15	15	29	29	15	15
367	000C9AAC	1	82E6	よ	30	15	44	29	15	15
368	000C9AB8	1	82E7	ら	45	15	59	29	15	15
369	000C9AC4	1	82E8	り	60	15	74	29	15	15
370	000C9AD0	1	82E9	る	75	15	89	29	15	15
371	000C9ADC	1	82EA	れ	90	15	104	29	15	15
372	000C9AE8	1	82EB	ろ	105	15	119	29	15	15
373	000C9AF4	1	82ED	わ	120	15	134	29	15	15
374	000C9B00	1	82F0	を	135	15	149	29	15	15
375	000C9B0C	1	82F1	ん	150	15	164	29	15	15
376	000C9B18	1	8340	ァ	165	15	179	29	15	15
377	000C9B24	1	8341	ア	180	15	194	29	15	15
378	000C9B30	1	8342	ィ	195	15	209	29	15	15
379	000C9B3C	1	8343	イ	210	15	224	29	15	15
380	000C9B48	1	8344	ゥ	225	15	239	29	15	15
381	000C9B54	1	8345	ウ	240	15	254	29	15	15
382	000C9B60	1	8346	ェ	0	30	14	44	15	15
383	000C9B6C	1	8347	エ	15	30	29	44	15	15
384	000C9B78	1	8348	ォ	30	30	44	44	15	15
385	000C9B84	1	8349	オ	45	30	59	44	15	15
386	000C9B90	1	834A	カ	60	30	74	44	15	15
387	000C9B9C	1	834B	ガ	75	30	89	44	15	15
388	000C9BA8	1	834C	キ	90	30	104	44	15	15
389	000C9BB4	1	834D	ギ	105	30	119	44	15	15
390	000C9BC0	1	834E	ク	120	30	134	44	15	15
391	000C9BCC	1	834F	グ	135	30	149	44	15	15
392	000C9BD8	1	8350	ケ	150	30	164	44	15	15
393	000C9BE4	1	8351	ゲ	165	30	179	44	15	15
394	000C9BF0	1	8352	コ	180	30	194	44	15	15
395	000C9BFC	1	8353	ゴ	195	30	209	44	15	15
396	000C9C08	1	8354	サ	210	30	224	44	15	15
397	000C9C14	1	8355	ザ	225	30	239	44	15	15
398	000C9C20	1	8356	シ	240	30	254	44	15	15
399	000C9C2C	1	8357	ジ	0	45	14	59	15	15
400	000C9C38	1	8358	ス	15	45	29	59	15	15
401	000C9C44	1	8359	ズ	30	45	44	59	15	15
402	000C9C50	1	835A	セ	45	45	59	59	15	15
403	000C9C5C	1	835B	ゼ	60	45	74	59	15	15
404	000C9C68	1	835C	ソ	75	45	89	59	15	15
405	000C9C74	1	835D	ゾ	90	45	104	59	15	15
406	000C9C80	1	835E	タ	105	45	119	59	15	15
407	000C9C8C	1	835F	ダ	120	45	134	59	15	15
408	000C9C98	1	8360	チ	135	45	149	59	15	15
409	000C9CA4	1	8361	ヂ	150	45	164	59	15	15
410	000C9CB0	1	8362	ッ	165	45	179	59	15	15
411	000C9CBC	1	8363	ツ	180	45	194	59	15	15
412	000C9CC8	1	8364	ヅ	195	45	209	59	15	15
413	000C9CD4	1	8365	テ	210	45	224	59	15	15
414	000C9CE0	1	8366	デ	225	45	239	59	15	15
415	000C9CEC	1	8367	ト	240	45	254	59	15	15
416	000C9CF8	1	8368	ド	0	60	14	74	15	15
417	000C9D04	1	8369	ナ	15	60	29	74	15	15
418	000C9D10	1	836A	ニ	30	60	44	74	15	15
419	000C9D1C	1	836B	ヌ	45	60	59	74	15	15
420	000C9D28	1	836C	ネ	60	60	74	74	15	15
421	000C9D34	1	836D	ノ	75	60	89	74	15	15
422	000C9D40	1	836E	ハ	90	60	104	74	15	15
423	000C9D4C	1	836F	バ	105	60	119	74	15	15
424	000C9D58	1	8370	パ	120	60	134	74	15	15
425	000C9D64	1	8371	ヒ	135	60	149	74	15	15
426	000C9D70	1	8372	ビ	150	60	164	74	15	15
427	000C9D7C	1	8373	ピ	165	60	179	74	15	15
428	000C9D88	1	8374	フ	180	60	194	74	15	15
429	000C9D94	1	8375	ブ	195	60	209	74	15	15
430	000C9DA0	1	8376	プ	210	60	224	74	15	15
431	000C9DAC	1	8377	ヘ	225	60	239	74	15	15
432	000C9DB8	1	8378	ベ	240	60	254	74	15	15
433	000C9DC4	1	8379	ペ	0	75	14	89	15	15
434	000C9DD0	1	837A	ホ	15	75	29	89	15	15
435	000C9DDC	1	837B	ボ	30	75	44	89	15	15
436	000C9DE8	1	837C	ポ	45	75	59	89	15	15
437	000C9DF4	1	837D	マ	60	75	74	89	15	15
438	000C9E00	1	837E	ミ	75	75	89	89	15	15
439	000C9E0C	1	8380	ム	90	75	104	89	15	15
440	000C9E18	1	8381	メ	105	75	119	89	15	15
441	000C9E24	1	8382	モ	120	75	134	89	15	15
442	000C9E30	1	8383	ャ	135	75	149	89	15	15
443	000C9E3C	1	8384	ヤ	150	75	164	89	15	15
444	000C9E48	1	8385	ュ	165	75	179	89	15	15
445	000C9E54	1	8386	ユ	180	75	194	89	15	15
446	000C9E60	1	8387	ョ	195	75	209	89	15	15
447	000C9E6C	1	8388	ヨ	210	75	224	89	15	15
448	000C9E78	1	8389	ラ	225	75	239	89	15	15
449	000C9E84	1	838A	リ	240	75	254	89	15	15
450	000C9E90	1	838B	ル	0	90	14	104	15	15
451	000C9E9C	1	838C	レ	15	90	29	104	15	15
452	000C9EA8	1	838D	ロ	30	90	44	104	15	15
453	000C9EB4	1	838F	ワ	45	90	59	104	15	15
454	000C9EC0	1	8392	ヲ	60	90	74	104	15	15
455	000C9ECC	1	8393	ン	75	90	89	104	15	15
456	000C9ED8	1	8394	ヴ	90	90	104	104	15	15
457	000C9EE4	1	8395	ヵ	105	90	119	104	15	15
458	000C9EF0	1	8396	ヶ	120	90	134	104	15	15
459	000C9EFC	1	83BF	α	135	90	149	104	15	15
460	000C9F08	1	83C0	β	150	90	164	104	15	15
461	000C9F14	1	83C3	ε	165	90	179	104	15	15
462	000C9F20	1	83C4	ζ	180	90	194	104	15	15
463	000C9F2C	1	83C7	ι	195	90	209	104	15	15
464	000C9F38	1	83CC	ξ	210	90	224	104	15	15
465	000C9F44	1	83D6	ω	225	90	239	104	15	15
466	000C9F50	1	8444	Д	240	90	254	104	15	15
467	000C9F5C	1	8448	З	0	105	14	119	15	15
468	000C9F68	1	845E	Э	15	105	29	119	15	15
469	000C9F74	1	8474	д	30	105	44	119	15	15
470	000C9F80	1	8478	з	45	105	59	119	15	15
471	000C9F8C	1	848F	э	60	105	74	119	15	15
472	000C9F98	1	849F	─	75	105	89	119	15	15
473	000C9FA4	1	84AA	━	90	105	104	119	15	15
474	000C9FB0	1	84AE	┛	105	105	119	119	15	15
475	000C9FBC	1	8756		120	105	134	119	15	15
476	000C9FC8	1	875B		135	105	149	119	15	15
477	000C9FD4	1	88A2	阿	150	105	164	119	15	15
478	000C9FE0	1	88A4	愛	165	105	179	119	15	15
479	000C9FEC	1	88AB	悪	180	105	194	119	15	15
480	000C9FF8	1	88B3	圧	195	105	209	119	15	15
481	000CA004	1	88B5	扱	210	105	224	119	15	15
482	000CA010	1	88C0	安	225	105	239	119	15	15
483	000CA01C	1	88C3	暗	240	105	254	119	15	15
484	000CA028	1	88C4	案	0	120	14	134	15	15
485	000CA034	1	88C8	以	15	120	29	134	15	15
486	000CA040	1	88CA	位	30	120	44	134	15	15
487	000CA04C	1	88CB	依	45	120	59	134	15	15
488	000CA058	1	88CD	囲	60	120	74	134	15	15
489	000CA064	1	88D0	威	75	120	89	134	15	15
490	000CA070	1	88D3	意	90	120	104	134	15	15
491	000CA07C	1	88D5	易	105	120	119	134	15	15
492	000CA088	1	88D7	為	120	120	134	134	15	15
493	000CA094	1	88D9	異	135	120	149	134	15	15
494	000CA0A0	1	88DA	移	150	120	164	134	15	15
495	000CA0AC	1	88DF	衣	165	120	179	134	15	15
496	000CA0B8	1	88E1	違	180	120	194	134	15	15
497	000CA0C4	1	88E2	遺	195	120	209	134	15	15
498	000CA0D0	1	88E3	医	210	120	224	134	15	15
499	000CA0DC	1	88E4	井	225	120	239	134	15	15
500	000CA0E8	1	88E6	域	240	120	254	134	15	15
501	000CA0F4	1	88E7	育	0	135	14	149	15	15
502	000CA100	1	88EA	一	15	135	29	149	15	15
503	000CA10C	1	88EE	稲	30	135	44	149	15	15
504	000CA118	1	88F3	印	45	135	59	149	15	15
505	000CA124	1	88F5	員	60	135	74	149	15	15
506	000CA130	1	88F8	引	75	135	89	149	15	15
507	000CA13C	1	88F9	飲	90	135	104	149	15	15
508	000CA148	1	8942	隠	105	135	119	149	15	15
509	000CA154	1	8945	右	120	135	134	149	15	15
510	000CA160	1	8946	宇	135	135	149	149	15	15
511	000CA16C	1	8949	迂	150	135	164	149	15	15
512	000CA178	1	8950	臼	165	135	179	149	15	15
513	000CA184	1	8952	嘘	180	135	194	149	15	15
514	000CA190	1	8959	浦	195	135	209	149	15	15
515	000CA19C	1	895C	噂	210	135	224	149	15	15
516	000CA1A8	1	895E	運	225	135	239	149	15	15
517	000CA1B4	1	8965	影	240	135	254	149	15	15
518	000CA1C0	1	8966	映	0	150	14	164	15	15
519	000CA1CC	1	8968	栄	15	150	29	164	15	15
520	000CA1D8	1	8969	永	30	150	44	164	15	15
521	000CA1E4	1	8970	英	45	150	59	164	15	15
522	000CA1F0	1	8973	鋭	60	150	74	164	15	15
523	000CA1FC	1	8974	液	75	150	89	164	15	15
524	000CA208	1	897A	越	90	150	104	164	15	15
525	000CA214	1	897E	円	105	150	119	164	15	15
526	000CA220	1	8980	園	120	150	134	164	15	15
527	000CA22C	1	8987	援	135	150	149	164	15	15
528	000CA238	1	8989	演	150	150	164	164	15	15
529	000CA244	1	898C	煙	165	150	179	164	15	15
530	000CA250	1	898E	猿	180	150	194	164	15	15
531	000CA25C	1	8993	遠	195	150	209	164	15	15
532	000CA268	1	8998	汚	210	150	224	164	15	15
533	000CA274	1	899E	応	225	150	239	164	15	15
534	000CA280	1	899F	押	240	150	254	164	15	15
535	000CA28C	1	89A1	横	0	165	14	179	15	15
536	000CA298	1	89A4	王	15	165	29	179	15	15
537	000CA2A4	1	89AD	億	30	165	44	179	15	15
538	000CA2B0	1	89AE	屋	45	165	59	179	15	15
539	000CA2BC	1	89AF	憶	60	165	74	179	15	15
540	000CA2C8	1	89B3	乙	75	165	89	179	15	15
541	000CA2D4	1	89B4	俺	90	165	104	179	15	15
542	000CA2E0	1	89B7	温	105	165	119	179	15	15
543	000CA2EC	1	89B9	音	120	165	134	179	15	15
544	000CA2F8	1	89BA	下	135	165	149	179	15	15
545	000CA304	1	89BB	化	150	165	164	179	15	15
546	000CA310	1	89BC	仮	165	165	179	179	15	15
547	000CA31C	1	89BD	何	180	165	194	179	15	15
548	000CA328	1	89BF	価	195	165	209	179	15	15
549	000CA334	1	89C1	加	210	165	224	179	15	15
550	000CA340	1	89C2	可	225	165	239	179	15	15
551	000CA34C	1	89C5	嫁	240	165	254	179	15	15
552	000CA358	1	89C6	家	0	180	14	194	15	15
553	000CA364	1	89C8	科	15	180	29	194	15	15
554	000CA370	1	89C9	暇	30	180	44	194	15	15
555	000CA37C	1	89CA	果	45	180	59	194	15	15
556	000CA388	1	89CC	歌	60	180	74	194	15	15
557	000CA394	1	89CD	河	75	180	89	194	15	15
558	000CA3A0	1	89CE	火	90	180	104	194	15	15
559	000CA3AC	1	89D5	苛	105	180	119	194	15	15
560	000CA3B8	1	89D7	荷	120	180	134	194	15	15
561	000CA3C4	1	89D9	菓	135	180	149	194	15	15
562	000CA3D0	1	89DB	課	150	180	164	194	15	15
563	000CA3DC	1	89DF	過	165	180	179	194	15	15
564	000CA3E8	1	89E4	我	180	180	194	194	15	15
565	000CA3F4	1	89E5	牙	195	180	209	194	15	15
566	000CA400	1	89E6	画	210	180	224	194	15	15
567	000CA40C	1	89EE	介	225	180	239	194	15	15
568	000CA418	1	89EF	会	240	180	254	194	15	15
569	000CA424	1	89F0	解	0	195	14	209	15	15
570	000CA430	1	89F1	回	15	195	29	209	15	15
571	000CA43C	1	89F3	壊	30	195	44	209	15	15
572	000CA448	1	89F5	快	45	195	59	209	15	15
573	000CA454	1	89F6	怪	60	195	74	209	15	15
574	000CA460	1	89F7	悔	75	195	89	209	15	15
575	000CA46C	1	89F9	懐	90	195	104	209	15	15
576	000CA478	1	89FA	戒	105	195	119	209	15	15
577	000CA484	1	89FC	改	120	195	134	209	15	15
578	000CA490	1	8A42	械	135	195	149	209	15	15
579	000CA49C	1	8A45	界	150	195	164	209	15	15
580	000CA4A8	1	8A46	皆	165	195	179	209	15	15
581	000CA4B4	1	8A47	絵	180	195	194	209	15	15
582	000CA4C0	1	8A4A	開	195	195	209	209	15	15
583	000CA4CC	1	8A4B	階	210	195	224	209	15	15
584	000CA4D8	1	8A4F	外	225	195	239	209	15	15
585	000CA4E4	1	8A51	害	240	195	254	209	15	15
586	000CA4F0	1	8A58	街	0	210	14	224	15	15
587	000CA4FC	1	8A5F	垣	15	210	29	224	15	15
588	000CA508	1	8A65	各	30	210	44	224	15	15
589	000CA514	1	8A67	拡	45	210	59	224	15	15
590	000CA520	1	8A69	格	60	210	74	224	15	15
591	000CA52C	1	8A6A	核	75	210	89	224	15	15
592	000CA538	1	8A6D	確	90	210	104	224	15	15
593	000CA544	1	8A6F	覚	105	210	119	224	15	15
594	000CA550	1	8A70	角	120	210	134	224	15	15
595	000CA55C	1	8A72	較	135	210	149	224	15	15
596	000CA568	1	8A77	学	150	210	164	224	15	15
597	000CA574	1	8A79	楽	165	210	179	224	15	15
598	000CA580	1	8A7A	額	180	210	194	224	15	15
599	000CA58C	1	8A7C	掛	195	210	209	224	15	15
600	000CA598	1	8A84	割	210	210	224	224	15	15
601	000CA5A4	1	8A88	活	225	210	239	224	15	15
602	000CA5B0	1	8AA6	寒	240	210	254	224	15	15
603	000CA5BC	1	8AA8	勘	0	225	14	239	15	15
604	000CA5C8	1	8AA9	勧	15	225	29	239	15	15
605	000CA5D4	1	8AAA	巻	30	225	44	239	15	15
606	000CA5E0	1	8AAB	喚	45	225	59	239	15	15
607	000CA5EC	1	8AAD	姦	60	225	74	239	15	15
608	000CA5F8	1	8AAE	完	75	225	89	239	15	15
609	000CA604	1	8AB2	幹	90	225	104	239	15	15
610	000CA610	1	8AB4	感	105	225	119	239	15	15
611	000CA61C	1	8AB7	換	120	225	134	239	15	15
612	000CA628	1	8ABF	漢	135	225	149	239	15	15
613	000CA634	1	8AC3	甘	150	225	164	239	15	15
614	000CA640	1	8AC4	監	165	225	179	239	15	15
615	000CA64C	1	8AC7	管	180	225	194	239	15	15
616	000CA658	1	8AC8	簡	195	225	209	239	15	15
617	000CA664	1	8ACC	肝	210	225	224	239	15	15
618	000CA670	1	8ACF	観	225	225	239	239	15	15
619	000CA67C	1	8AD1	貫	240	225	254	239	15	15
620	000CA688	1	8AD4	間	0	240	14	254	15	15
621	000CA694	1	8AD5	閑	15	240	29	254	15	15
622	000CA6A0	1	8AD6	関	30	240	44	254	15	15
623	000CA6AC	1	8ADB	丸	45	240	59	254	15	15
624	000CA6B8	1	8ADC	含	60	240	74	254	15	15
625	000CA6C4	1	8AE1	眼	75	240	89	254	15	15
626	000CA6D0	1	8AE2	岩	90	240	104	254	15	15
627	000CA6DC	1	8AE7	顔	105	240	119	254	15	15
628	000CA6E8	1	8AE8	願	120	240	134	254	15	15
629	000CA6F4	1	8AEB	危	135	240	149	254	15	15
630	000CA700	1	8AEC	喜	150	240	164	254	15	15
631	000CA70C	1	8AED	器	165	240	179	254	15	15
632	000CA718	1	8AEE	基	180	240	194	254	15	15
633	000CA724	1	8AEF	奇	195	240	209	254	15	15
634	000CA730	1	8AF0	嬉	210	240	224	254	15	15
635	000CA73C	1	8AF1	寄	225	240	239	254	15	15
636	000CA748	1	8AF2	岐	240	240	254	254	15	15
637	000CA754	2	8AF3	希	0	0	14	14	15	15
638	000CA760	2	8AFA	期	15	0	29	14	15	15
639	000CA76C	2	8B40	機	30	0	44	14	15	15
640	000CA778	2	8B41	帰	45	0	59	14	15	15
641	000CA784	2	8B43	気	60	0	74	14	15	15
642	000CA790	2	8B46	祈	75	0	89	14	15	15
643	000CA79C	2	8B47	季	90	0	104	14	15	15
644	000CA7A8	2	8B4B	規	105	0	119	14	15	15
645	000CA7B4	2	8B4C	記	120	0	134	14	15	15
646	000CA7C0	2	8B4D	貴	135	0	149	14	15	15
647	000CA7CC	2	8B4E	起	150	0	164	14	15	15
648	000CA7D8	2	8B50	輝	165	0	179	14	15	15
649	000CA7E4	2	8B53	鬼	180	0	194	14	15	15
650	000CA7F0	2	8B55	偽	195	0	209	14	15	15
651	000CA7FC	2	8B56	儀	210	0	224	14	15	15
652	000CA808	2	8B5A	技	225	0	239	14	15	15
653	000CA814	2	8B5B	擬	240	0	254	14	15	15
654	000CA820	2	8B5D	犠	0	15	14	29	15	15
655	000CA82C	2	8B5E	疑	15	15	29	29	15	15
656	000CA838	2	8B60	義	30	15	44	29	15	15
657	000CA844	2	8B63	議	45	15	59	29	15	15
658	000CA850	2	8B67	吉	60	15	74	29	15	15
659	000CA85C	2	8B69	喫	75	15	89	29	15	15
660	000CA868	2	8B6C	詰	90	15	104	29	15	15
661	000CA874	2	8B70	却	105	15	119	29	15	15
662	000CA880	2	8B71	客	120	15	134	29	15	15
663	000CA88C	2	8B74	逆	135	15	149	29	15	15
664	000CA898	2	8B76	久	150	15	164	29	15	15
665	000CA8A4	2	8B78	休	165	15	179	29	15	15
666	000CA8B0	2	8B79	及	180	15	194	29	15	15
667	000CA8BC	2	8B7A	吸	195	15	209	29	15	15
668	000CA8C8	2	8B7B	宮	210	15	224	29	15	15
669	000CA8D4	2	8B7D	急	225	15	239	29	15	15
670	000CA8E0	2	8B7E	救	240	15	254	29	15	15
671	000CA8EC	2	8B81	求	0	30	14	44	15	15
672	000CA8F8	2	8B83	泣	15	30	29	44	15	15
673	000CA904	2	8B85	球	30	30	44	44	15	15
674	000CA910	2	8B86	究	45	30	59	44	15	15
675	000CA91C	2	8B87	窮	60	30	74	44	15	15
676	000CA928	2	8B89	級	75	30	89	44	15	15
677	000CA934	2	8B8E	去	90	30	104	44	15	15
678	000CA940	2	8B8F	居	105	30	119	44	15	15
679	000CA94C	2	8B90	巨	120	30	134	44	15	15
680	000CA958	2	8B92	拠	135	30	149	44	15	15
681	000CA964	2	8B93	挙	150	30	164	44	15	15
682	000CA970	2	8B96	許	165	30	179	44	15	15
683	000CA97C	2	8B97	距	180	30	194	44	15	15
684	000CA988	2	8B9B	魚	195	30	209	44	15	15
685	000CA994	2	8B9E	京	210	30	224	44	15	15
686	000CA9A0	2	8B9F	供	225	30	239	44	15	15
687	000CA9AC	2	8BA4	共	240	30	254	44	15	15
688	000CA9B8	2	8BA5	凶	0	45	14	59	15	15
689	000CA9C4	2	8BA6	協	15	45	29	59	15	15
690	000CA9D0	2	8BA9	叫	30	45	44	59	15	15
691	000CA9DC	2	8BAD	強	45	45	59	59	15	15
692	000CA9E8	2	8BB0	恐	60	45	74	59	15	15
693	000CA9F4	2	8BB3	教	75	45	89	59	15	15
694	000CAA00	2	8BB5	況	90	45	104	59	15	15
695	000CAA0C	2	8BB6	狂	105	45	119	59	15	15
696	000CAA18	2	8BB9	胸	120	45	134	59	15	15
697	000CAA24	2	8BBA	脅	135	45	149	59	15	15
698	000CAA30	2	8BBB	興	150	45	164	59	15	15
699	000CAA3C	2	8BBD	郷	165	45	179	59	15	15
700	000CAA48	2	8BBE	鏡	180	45	194	59	15	15
701	000CAA54	2	8BBF	響	195	45	209	59	15	15
702	000CAA60	2	8BC1	驚	210	45	224	59	15	15
703	000CAA6C	2	8BC6	業	225	45	239	59	15	15
704	000CAA78	2	8BC7	局	240	45	254	59	15	15
705	000CAA84	2	8BC8	曲	0	60	14	74	15	15
706	000CAA90	2	8BC9	極	15	60	29	74	15	15
707	000CAA9C	2	8BCA	玉	30	60	44	74	15	15
708	000CAAA8	2	8BCF	均	45	60	59	74	15	15
709	000CAAB4	2	8BD6	禁	60	60	74	74	15	15
710	000CAAC0	2	8BD9	緊	75	60	89	74	15	15
711	000CAACC	2	8BDF	近	90	60	104	74	15	15
712	000CAAD8	2	8BE0	金	105	60	119	74	15	15
713	000CAAE4	2	8BE2	銀	120	60	134	74	15	15
714	000CAAF0	2	8BE4	倶	135	60	149	74	15	15
715	000CAAFC	2	8BE5	句	150	60	164	74	15	15
716	000CAB08	2	8BE6	区	165	60	179	74	15	15
717	000CAB14	2	8BEA	苦	180	60	194	74	15	15
718	000CAB20	2	8BEC	駆	195	60	209	74	15	15
719	000CAB2C	2	8BEF	具	210	60	224	74	15	15
720	000CAB38	2	8BF0	愚	225	60	239	74	15	15
721	000CAB44	2	8BF2	喰	240	60	254	74	15	15
722	000CAB50	2	8BF3	空	0	75	14	89	15	15
723	000CAB5C	2	8BF8	串	15	75	29	89	15	15
724	000CAB68	2	8BFC	屈	30	75	44	89	15	15
725	000CAB74	2	8C45	窪	45	75	59	89	15	15
726	000CAB80	2	8C4A	繰	60	75	74	89	15	15
727	000CAB8C	2	8C4E	君	75	75	89	89	15	15
728	000CAB98	2	8C50	訓	90	75	104	89	15	15
729	000CABA4	2	8C51	群	105	75	119	89	15	15
730	000CABB0	2	8C52	軍	120	75	134	89	15	15
731	000CABBC	2	8C57	係	135	75	149	89	15	15
732	000CABC8	2	8C59	刑	150	75	164	89	15	15
733	000CABD4	2	8C5A	兄	165	75	179	89	15	15
734	000CABE0	2	8C5E	型	180	75	194	89	15	15
735	000CABEC	2	8C5F	契	195	75	209	89	15	15
736	000CABF8	2	8C60	形	210	75	224	89	15	15
737	000CAC04	2	8C63	慶	225	75	239	89	15	15
738	000CAC10	2	8C65	憩	240	75	254	89	15	15
739	000CAC1C	2	8C66	掲	0	90	14	104	15	15
740	000CAC28	2	8C67	携	15	90	29	104	15	15
741	000CAC34	2	8C68	敬	30	90	44	104	15	15
742	000CAC40	2	8C69	景	45	90	59	104	15	15
743	000CAC4C	2	8C6E	系	60	90	74	104	15	15
744	000CAC58	2	8C6F	経	75	90	89	104	15	15
745	000CAC64	2	8C70	継	90	90	104	104	15	15
746	000CAC70	2	8C76	計	105	90	119	104	15	15
747	000CAC7C	2	8C78	警	120	90	134	104	15	15
748	000CAC88	2	8C79	軽	135	90	149	104	15	15
749	000CAC94	2	8C7D	迎	150	90	164	104	15	15
750	000CACA0	2	8C82	撃	165	90	179	104	15	15
751	000CACAC	2	8C83	激	180	90	194	104	15	15
752	000CACB8	2	8C87	欠	195	90	209	104	15	15
753	000CACC4	2	8C88	決	210	90	224	104	15	15
754	000CACD0	2	8C8A	穴	225	90	239	104	15	15
755	000CACDC	2	8C8B	結	240	90	254	104	15	15
756	000CACE8	2	8C8C	血	0	105	14	119	15	15
757	000CACF4	2	8C8E	月	15	105	29	119	15	15
758	000CAD00	2	8C8F	件	30	105	44	119	15	15
759	000CAD0C	2	8C92	健	45	105	59	119	15	15
760	000CAD18	2	8C95	剣	60	105	74	119	15	15
761	000CAD24	2	8C97	圏	75	105	89	119	15	15
762	000CAD30	2	8C99	嫌	90	105	104	119	15	15
763	000CAD3C	2	8C9A	建	105	105	119	119	15	15
764	000CAD48	2	8C9B	憲	120	105	134	119	15	15
765	000CAD54	2	8C9D	拳	135	105	149	119	15	15
766	000CAD60	2	8C9F	検	150	105	164	119	15	15
767	000CAD6C	2	8CA0	権	165	105	179	119	15	15
768	000CAD78	2	8CA2	犬	180	105	194	119	15	15
769	000CAD84	2	8CA4	研	195	105	209	119	15	15
770	000CAD90	2	8CA7	県	210	105	224	119	15	15
771	000CAD9C	2	8CA8	肩	225	105	239	119	15	15
772	000CADA8	2	8CA9	見	240	105	254	119	15	15
773	000CADB4	2	8CAF	険	0	120	14	134	15	15
774	000CADC0	2	8CB1	験	15	120	29	134	15	15
775	000CADCC	2	8CB3	元	30	120	44	134	15	15
776	000CADD8	2	8CB4	原	45	120	59	134	15	15
777	000CADE4	2	8CB5	厳	60	120	74	134	15	15
778	000CADF0	2	8CB8	減	75	120	89	134	15	15
779	000CADFC	2	8CBB	現	90	120	104	134	15	15
780	000CAE08	2	8CBE	言	105	120	119	134	15	15
781	000CAE14	2	8CC0	限	120	120	134	134	15	15
782	000CAE20	2	8CC2	個	135	120	149	134	15	15
783	000CAE2C	2	8CC3	古	150	120	164	134	15	15
784	000CAE38	2	8CC4	呼	165	120	179	134	15	15
785	000CAE44	2	8CC5	固	180	120	194	134	15	15
786	000CAE50	2	8CC7	孤	195	120	209	134	15	15
787	000CAE5C	2	8CC8	己	210	120	224	134	15	15
788	000CAE68	2	8CC9	庫	225	120	239	134	15	15
789	000CAE74	2	8CCC	故	240	120	254	134	15	15
790	000CAE80	2	8CD6	誇	0	135	14	149	15	15
791	000CAE8C	2	8CDD	互	15	135	29	149	15	15
792	000CAE98	2	8CDF	午	30	135	44	149	15	15
793	000CAEA4	2	8CE3	後	45	135	59	149	15	15
794	000CAEB0	2	8CE4	御	60	135	74	149	15	15
795	000CAEBC	2	8CE5	悟	75	135	89	149	15	15
796	000CAEC8	2	8CEA	語	90	135	104	149	15	15
797	000CAED4	2	8CEB	誤	105	135	119	149	15	15
798	000CAEE0	2	8CEC	護	120	135	134	149	15	15
799	000CAEEC	2	8CEE	乞	135	135	149	149	15	15
800	000CAEF8	2	8CF0	交	150	135	164	149	15	15
801	000CAF04	2	8CF3	候	165	135	179	149	15	15
802	000CAF10	2	8CF5	光	180	135	194	149	15	15
803	000CAF1C	2	8CF6	公	195	135	209	149	15	15
804	000CAF28	2	8CF7	功	210	135	224	149	15	15
805	000CAF34	2	8CF8	効	225	135	239	149	15	15
806	000CAF40	2	8CFB	口	240	135	254	149	15	15
807	000CAF4C	2	8CFC	向	0	150	14	164	15	15
808	000CAF58	2	8D44	好	15	150	29	164	15	15
809	000CAF64	2	8D48	工	30	150	44	164	15	15
810	000CAF70	2	8D4B	幸	45	150	59	164	15	15
811	000CAF7C	2	8D4C	広	60	150	74	164	15	15
812	000CAF88	2	8D4E	康	75	150	89	164	15	15
813	000CAF94	2	8D52	抗	90	150	104	164	15	15
814	000CAFA0	2	8D54	控	105	150	119	164	15	15
815	000CAFAC	2	8D55	攻	120	150	134	164	15	15
816	000CAFB8	2	8D58	更	135	150	149	164	15	15
817	000CAFC4	2	8D5A	校	150	150	164	164	15	15
818	000CAFD0	2	8D5C	構	165	150	179	164	15	15
819	000CAFDC	2	8D62	甲	180	150	194	164	15	15
820	000CAFE8	2	8D65	稿	195	150	209	164	15	15
821	000CAFF4	2	8D6C	考	210	150	224	164	15	15
822	000CB000	2	8D72	荒	225	150	239	164	15	15
823	000CB00C	2	8D73	行	240	150	254	164	15	15
824	000CB018	2	8D7C	鋼	0	165	14	179	15	15
825	000CB024	2	8D7E	降	15	165	29	179	15	15
826	000CB030	2	8D80	項	30	165	44	179	15	15
827	000CB03C	2	8D81	香	45	165	59	179	15	15
828	000CB048	2	8D82	高	60	165	74	179	15	15
829	000CB054	2	8D86	号	75	165	89	179	15	15
830	000CB060	2	8D87	合	90	165	104	179	15	15
831	000CB06C	2	8D8E	克	105	165	119	179	15	15
832	000CB078	2	8D90	告	120	165	134	179	15	15
833	000CB084	2	8D91	国	135	165	149	179	15	15
834	000CB090	2	8D93	酷	150	165	164	179	15	15
835	000CB09C	2	8D95	黒	165	165	179	179	15	15
836	000CB0A8	2	8D96	獄	180	165	194	179	15	15
837	000CB0B4	2	8D9C	骨	195	165	209	179	15	15
838	000CB0C0	2	8D9E	込	210	165	224	179	15	15
839	000CB0CC	2	8DA0	頃	225	165	239	179	15	15
840	000CB0D8	2	8DA1	今	240	165	254	179	15	15
841	000CB0E4	2	8DA2	困	0	180	14	194	15	15
842	000CB0F0	2	8DA5	婚	15	180	29	194	15	15
843	000CB0FC	2	8DAA	根	30	180	44	194	15	15
844	000CB108	2	8DAC	混	45	180	59	194	15	15
845	000CB114	2	8DB0	魂	60	180	74	194	15	15
846	000CB120	2	8DB6	左	75	180	89	194	15	15
847	000CB12C	2	8DB7	差	90	180	104	194	15	15
848	000CB138	2	8DB8	査	105	180	119	194	15	15
849	000CB144	2	8DBD	鎖	120	180	134	194	15	15
850	000CB150	2	8DC0	座	135	180	149	194	15	15
851	000CB15C	2	8DC1	挫	150	180	164	194	15	15
852	000CB168	2	8DC3	催	165	180	179	194	15	15
853	000CB174	2	8DC4	再	180	180	194	194	15	15
854	000CB180	2	8DC5	最	195	180	209	194	15	15
855	000CB18C	2	8DC7	塞	210	180	224	194	15	15
856	000CB198	2	8DCB	才	225	180	239	194	15	15
857	000CB1A4	2	8DCE	歳	240	180	254	194	15	15
858	000CB1B0	2	8DCF	済	0	195	14	209	15	15
859	000CB1BC	2	8DD5	祭	15	195	29	209	15	15
860	000CB1C8	2	8DD7	細	30	195	44	209	15	15
861	000CB1D4	2	8DD8	菜	45	195	59	209	15	15
862	000CB1E0	2	8DD9	裁	60	195	74	209	15	15
863	000CB1EC	2	8DDA	載	75	195	89	209	15	15
864	000CB1F8	2	8DDB	際	90	195	104	209	15	15
865	000CB204	2	8DDD	在	105	195	119	209	15	15
866	000CB210	2	8DDE	材	120	195	134	209	15	15
867	000CB21C	2	8DDF	罪	135	195	149	209	15	15
868	000CB228	2	8DE3	阪	150	195	164	209	15	15
869	000CB234	2	8DE9	埼	165	195	179	209	15	15
870	000CB240	2	8DEC	作	180	195	194	209	15	15
871	000CB24C	2	8DED	削	195	195	209	209	15	15
872	000CB258	2	8DF0	昨	210	195	224	209	15	15
873	000CB264	2	8DF4	策	225	195	239	209	15	15
874	000CB270	2	8DF5	索	240	195	254	209	15	15
875	000CB27C	2	8DFB	冊	0	210	14	224	15	15
876	000CB288	2	8DFC	刷	15	210	29	224	15	15
877	000CB294	2	8E40	察	30	210	44	224	15	15
878	000CB2A0	2	8E44	札	45	210	59	224	15	15
879	000CB2AC	2	8E45	殺	60	210	74	224	15	15
880	000CB2B8	2	8E47	雑	75	210	89	224	15	15
881	000CB2C4	2	8E49	鯖	90	210	104	224	15	15
882	000CB2D0	2	8E4D	皿	105	210	119	224	15	15
883	000CB2DC	2	8E4E	晒	120	210	134	224	15	15
884	000CB2E8	2	8E4F	三	135	210	149	224	15	15
885	000CB2F4	2	8E51	参	150	210	164	224	15	15
886	000CB300	2	8E52	山	165	210	179	224	15	15
887	000CB30C	2	8E53	惨	180	210	194	224	15	15
888	000CB318	2	8E55	散	195	210	209	224	15	15
889	000CB324	2	8E59	産	210	210	224	224	15	15
890	000CB330	2	8E5A	算	225	210	239	224	15	15
891	000CB33C	2	8E5E	賛	240	210	254	224	15	15
892	000CB348	2	8E61	斬	0	225	14	239	15	15
893	000CB354	2	8E63	残	15	225	29	239	15	15
894	000CB360	2	8E64	仕	30	225	44	239	15	15
895	000CB36C	2	8E67	使	45	225	59	239	15	15
896	000CB378	2	8E69	司	60	225	74	239	15	15
897	000CB384	2	8E6A	史	75	225	89	239	15	15
898	000CB390	2	8E6D	士	90	225	104	239	15	15
899	000CB39C	2	8E6E	始	105	225	119	239	15	15
900	000CB3A8	2	8E6F	姉	120	225	134	239	15	15
901	000CB3B4	2	8E70	姿	135	225	149	239	15	15
902	000CB3C0	2	8E71	子	150	225	164	239	15	15
903	000CB3CC	2	8E73	市	165	225	179	239	15	15
904	000CB3D8	2	8E74	師	180	225	194	239	15	15
905	000CB3E4	2	8E75	志	195	225	209	239	15	15
906	000CB3F0	2	8E76	思	210	225	224	239	15	15
907	000CB3FC	2	8E77	指	225	225	239	239	15	15
908	000CB408	2	8E78	支	240	225	254	239	15	15
909	000CB414	2	8E7E	止	0	240	14	254	15	15
910	000CB420	2	8E80	死	15	240	29	254	15	15
911	000CB42C	2	8E84	私	30	240	44	254	15	15
912	000CB438	2	8E85	糸	45	240	59	254	15	15
913	000CB444	2	8E86	紙	60	240	74	254	15	15
914	000CB450	2	8E8B	視	75	240	89	254	15	15
915	000CB45C	2	8E8C	詞	90	240	104	254	15	15
916	000CB468	2	8E8D	詩	105	240	119	254	15	15
917	000CB474	2	8E8E	試	120	240	134	254	15	15
918	000CB480	2	8E91	資	135	240	149	254	15	15
919	000CB48C	2	8E95	歯	150	240	164	254	15	15
920	000CB498	2	8E96	事	165	240	179	254	15	15
921	000CB4A4	2	8E97	似	180	240	194	254	15	15
922	000CB4B0	2	8E99	児	195	240	209	254	15	15
923	000CB4BC	2	8E9A	字	210	240	224	254	15	15
924	000CB4C8	2	8E9D	持	225	240	239	254	15	15
925	000CB4D4	2	8E9E	時	240	240	254	254	15	15
926	000CB4E0	3	8E9F	次	0	0	14	14	15	15
927	000CB4EC	3	8EA1	治	15	0	29	14	15	15
928	000CB4F8	3	8EA6	示	30	0	44	14	15	15
929	000CB504	3	8EA8	耳	45	0	59	14	15	15
930	000CB510	3	8EA9	自	60	0	74	14	15	15
931	000CB51C	3	8EAB	辞	75	0	89	14	15	15
932	000CB528	3	8EAD	鹿	90	0	104	14	15	15
933	000CB534	3	8EAE	式	105	0	119	14	15	15
934	000CB540	3	8EAF	識	120	0	134	14	15	15
935	000CB54C	3	8EB5	七	135	0	149	14	15	15
936	000CB558	3	8EB7	執	150	0	164	14	15	15
937	000CB564	3	8EB8	失	165	0	179	14	15	15
938	000CB570	3	8EBA	室	180	0	194	14	15	15
939	000CB57C	3	8EBF	質	195	0	209	14	15	15
940	000CB588	3	8EC0	実	210	0	224	14	15	15
941	000CB594	3	8EC5	芝	225	0	239	14	15	15
942	000CB5A0	3	8EC9	舎	240	0	254	14	15	15
943	000CB5AC	3	8ECA	写	0	15	14	29	15	15
944	000CB5B8	3	8ECC	捨	15	15	29	29	15	15
945	000CB5C4	3	8ECD	赦	30	15	44	29	15	15
946	000CB5D0	3	8ED0	社	45	15	59	29	15	15
947	000CB5DC	3	8ED2	者	60	15	74	29	15	15
948	000CB5E8	3	8ED3	謝	75	15	89	29	15	15
949	000CB5F4	3	8ED4	車	90	15	104	29	15	15
950	000CB600	3	8ED7	邪	105	15	119	29	15	15
951	000CB60C	3	8ED8	借	120	15	134	29	15	15
952	000CB618	3	8EE3	弱	135	15	149	29	15	15
953	000CB624	3	8EE5	主	150	15	164	29	15	15
954	000CB630	3	8EE6	取	165	15	179	29	15	15
955	000CB63C	3	8EE7	守	180	15	194	29	15	15
956	000CB648	3	8EE8	手	195	15	209	29	15	15
957	000CB654	3	8EEA	殊	210	15	224	29	15	15
958	000CB660	3	8EED	種	225	15	239	29	15	15
959	000CB66C	3	8EF0	酒	240	15	254	29	15	15
960	000CB678	3	8EF1	首	0	30	14	44	15	15
961	000CB684	3	8EF3	受	15	30	29	44	15	15
962	000CB690	3	8EF4	呪	30	30	44	44	15	15
963	000CB69C	3	8EF5	寿	45	30	59	44	15	15
964	000CB6A8	3	8EFB	収	60	30	74	44	15	15
965	000CB6B4	3	8EFC	周	75	30	89	44	15	15
966	000CB6C0	3	8F43	修	90	30	104	44	15	15
967	000CB6CC	3	8F47	秀	105	30	119	44	15	15
968	000CB6D8	3	8F48	秋	120	30	134	44	15	15
969	000CB6E4	3	8F49	終	135	30	149	44	15	15
970	000CB6F0	3	8F4B	習	150	30	164	44	15	15
971	000CB6FC	3	8F4C	臭	165	30	179	44	15	15
972	000CB708	3	8F50	襲	180	30	194	44	15	15
973	000CB714	3	8F51	讐	195	30	209	44	15	15
974	000CB720	3	8F54	週	210	30	224	44	15	15
975	000CB72C	3	8F57	集	225	30	239	44	15	15
976	000CB738	3	8F5A	住	240	30	254	44	15	15
977	000CB744	3	8F5C	十	0	45	14	59	15	15
978	000CB750	3	8F5D	従	15	45	29	59	15	15
979	000CB75C	3	8F60	汁	30	45	44	59	15	15
980	000CB768	3	8F64	重	45	45	59	59	15	15
981	000CB774	3	8F65	銃	60	45	74	59	15	15
982	000CB780	3	8F68	宿	75	45	89	59	15	15
983	000CB78C	3	8F6B	縮	90	45	104	59	15	15
984	000CB798	3	8F6D	塾	105	45	119	59	15	15
985	000CB7A4	3	8F6E	熟	120	45	134	59	15	15
986	000CB7B0	3	8F6F	出	135	45	149	59	15	15
987	000CB7BC	3	8F70	術	150	45	164	59	15	15
988	000CB7C8	3	8F71	述	165	45	179	59	15	15
989	000CB7D4	3	8F75	瞬	180	45	194	59	15	15
990	000CB7E0	3	8F80	準	195	45	209	59	15	15
991	000CB7EC	3	8F82	盾	210	45	224	59	15	15
992	000CB7F8	3	8F83	純	225	45	239	59	15	15
993	000CB804	3	8F87	順	240	45	254	59	15	15
994	000CB810	3	8F88	処	0	60	14	74	15	15
995	000CB81C	3	8F89	初	15	60	29	74	15	15
996	000CB828	3	8F8A	所	30	60	44	74	15	15
997	000CB834	3	8F8B	暑	45	60	59	74	15	15
998	000CB840	3	8F8F	緒	60	60	74	74	15	15
999	000CB84C	3	8F90	署	75	60	89	74	15	15
1000	000CB858	3	8F91	書	90	60	104	74	15	15
1001	000CB864	3	8F95	助	105	60	119	74	15	15
1002	000CB870	3	8F97	女	120	60	134	74	15	15
1003	000CB87C	3	8F99	徐	135	60	149	74	15	15
1004	000CB888	3	8F9C	除	150	60	164	74	15	15
1005	000CB894	3	8F9D	傷	165	60	179	74	15	15
1006	000CB8A0	3	8F9F	勝	180	60	194	74	15	15
1007	000CB8AC	3	8FA2	召	195	60	209	74	15	15
1008	000CB8B8	3	8FA4	商	210	60	224	74	15	15
1009	000CB8C4	3	8FAB	将	225	60	239	74	15	15
1010	000CB8D0	3	8FAC	小	240	60	254	74	15	15
1011	000CB8DC	3	8FAD	少	0	75	14	89	15	15
1012	000CB8E8	3	8FB0	床	15	75	29	89	15	15
1013	000CB8F4	3	8FB3	承	30	75	44	89	15	15
1014	000CB900	3	8FB5	招	45	75	59	89	15	15
1015	000CB90C	3	8FBB	晶	60	75	74	89	15	15
1016	000CB918	3	8FBC	松	75	75	89	89	15	15
1017	000CB924	3	8FC1	消	90	75	104	89	15	15
1018	000CB930	3	8FC4	焼	105	75	119	89	15	15
1019	000CB93C	3	8FC8	省	120	75	134	89	15	15
1020	000CB948	3	8FCD	章	135	75	149	89	15	15
1021	000CB954	3	8FCE	笑	150	75	164	89	15	15
1022	000CB960	3	8FD0	紹	165	75	179	89	15	15
1023	000CB96C	3	8FD5	衝	180	75	194	89	15	15
1024	000CB978	3	8FD8	証	195	75	209	89	15	15
1025	000CB984	3	8FDA	詳	210	75	224	89	15	15
1026	000CB990	3	8FDB	象	225	75	239	89	15	15
1027	000CB99C	3	8FDC	賞	240	75	254	89	15	15
1028	000CB9A8	3	8FE1	障	0	90	14	104	15	15
1029	000CB9B4	3	8FE3	上	15	90	29	104	15	15
1030	000CB9C0	3	8FE4	丈	30	90	44	104	15	15
1031	000CB9CC	3	8FE6	乗	45	90	59	104	15	15
1032	000CB9D8	3	8FE7	冗	60	90	74	104	15	15
1033	000CB9E4	3	8FE8	剰	75	90	89	104	15	15
1034	000CB9F0	3	8FEA	場	90	90	104	104	15	15
1035	000CB9FC	3	8FED	常	105	90	119	104	15	15
1036	000CBA08	3	8FEE	情	120	90	134	104	15	15
1037	000CBA14	3	8FF0	条	135	90	149	104	15	15
1038	000CBA20	3	8FF3	状	150	90	164	104	15	15
1039	000CBA2C	3	8FFC	飾	165	90	179	104	15	15
1040	000CBA38	3	9041	植	180	90	194	104	15	15
1041	000CBA44	3	9044	織	195	90	209	104	15	15
1042	000CBA50	3	9046	色	210	90	224	104	15	15
1043	000CBA5C	3	9047	触	225	90	239	104	15	15
1044	000CBA68	3	9048	食	240	90	254	104	15	15
1045	000CBA74	3	904A	辱	0	105	14	119	15	15
1046	000CBA80	3	904C	伸	15	105	29	119	15	15
1047	000CBA8C	3	904D	信	30	105	44	119	15	15
1048	000CBA98	3	904E	侵	45	105	59	119	15	15
1049	000CBAA4	3	9051	寝	60	105	74	119	15	15
1050	000CBAB0	3	9052	審	75	105	89	119	15	15
1051	000CBABC	3	9053	心	90	105	104	119	15	15
1052	000CBAC8	3	9055	振	105	105	119	119	15	15
1053	000CBAD4	3	9056	新	120	105	134	119	15	15
1054	000CBAE0	3	9057	晋	135	105	149	119	15	15
1055	000CBAEC	3	905B	深	150	105	164	119	15	15
1056	000CBAF8	3	905C	申	165	105	179	119	15	15
1057	000CBB04	3	905E	真	180	105	194	119	15	15
1058	000CBB10	3	905F	神	195	105	209	119	15	15
1059	000CBB1C	3	9061	紳	210	105	224	119	15	15
1060	000CBB28	3	9065	親	225	105	239	119	15	15
1061	000CBB34	3	9067	身	240	105	254	119	15	15
1062	000CBB40	3	9069	進	0	120	14	134	15	15
1063	000CBB4C	3	906A	針	15	120	29	134	15	15
1064	000CBB58	3	906B	震	30	120	44	134	15	15
1065	000CBB64	3	906C	人	45	120	59	134	15	15
1066	000CBB70	3	9071	尋	60	120	74	134	15	15
1067	000CBB7C	3	9077	陣	75	120	89	134	15	15
1068	000CBB88	3	907B	須	90	120	104	134	15	15
1069	000CBB94	3	907D	図	105	120	119	134	15	15
1070	000CBBA0	3	907E	厨	120	120	134	134	15	15
1071	000CBBAC	3	9081	吹	135	120	149	134	15	15
1072	000CBBB8	3	9082	垂	150	120	164	134	15	15
1073	000CBBC4	3	9084	推	165	120	179	134	15	15
1074	000CBBD0	3	9085	水	180	120	194	134	15	15
1075	000CBBDC	3	9088	粋	195	120	209	134	15	15
1076	000CBBE8	3	9091	髄	210	120	224	134	15	15
1077	000CBBF4	3	9094	数	225	120	239	134	15	15
1078	000CBC00	3	9095	枢	240	120	254	134	15	15
1079	000CBC0C	3	90A1	寸	0	135	14	149	15	15
1080	000CBC18	3	90A2	世	15	135	29	149	15	15
1081	000CBC24	3	90A7	制	30	135	44	149	15	15
1082	000CBC30	3	90A8	勢	45	135	59	149	15	15
1083	000CBC3C	3	90AA	征	60	135	74	149	15	15
1084	000CBC48	3	90AB	性	75	135	89	149	15	15
1085	000CBC54	3	90AC	成	90	135	104	149	15	15
1086	000CBC60	3	90AE	整	105	135	119	149	15	15
1087	000CBC6C	3	90AF	星	120	135	134	149	15	15
1088	000CBC78	3	90B0	晴	135	135	149	149	15	15
1089	000CBC84	3	90B3	正	150	135	164	149	15	15
1090	000CBC90	3	90B5	牲	165	135	179	149	15	15
1091	000CBC9C	3	90B6	生	180	135	194	149	15	15
1092	000CBCA8	3	90B8	精	195	135	209	149	15	15
1093	000CBCB4	3	90B9	聖	210	135	224	149	15	15
1094	000CBCC0	3	90BA	声	225	135	239	149	15	15
1095	000CBCCC	3	90BB	製	240	135	254	149	15	15
1096	000CBCD8	3	90BC	西	0	150	14	164	15	15
1097	000CBCE4	3	90BE	誓	15	150	29	164	15	15
1098	000CBCF0	3	90C0	逝	30	150	44	164	15	15
1099	000CBCFC	3	90C1	醒	45	150	59	164	15	15
1100	000CBD08	3	90C2	青	60	150	74	164	15	15
1101	000CBD14	3	90C3	静	75	150	89	164	15	15
1102	000CBD20	3	90CC	昔	90	150	104	164	15	15
1103	000CBD2C	3	90CD	析	105	150	119	164	15	15
1104	000CBD38	3	90CE	石	120	150	134	164	15	15
1105	000CBD44	3	90CF	積	135	150	149	164	15	15
1106	000CBD50	3	90D1	績	150	150	164	164	15	15
1107	000CBD5C	3	90D3	責	165	150	179	164	15	15
1108	000CBD68	3	90D4	赤	180	150	194	164	15	15
1109	000CBD74	3	90D5	跡	195	150	209	164	15	15
1110	000CBD80	3	90D8	切	210	150	224	164	15	15
1111	000CBD8C	3	90DA	接	225	150	239	164	15	15
1112	000CBD98	3	90DC	折	240	150	254	164	15	15
1113	000CBDA4	3	90DD	設	0	165	14	179	15	15
1114	000CBDB0	3	90DF	節	15	165	29	179	15	15
1115	000CBDBC	3	90E0	説	30	165	44	179	15	15
1116	000CBDC8	3	90E1	雪	45	165	59	179	15	15
1117	000CBDD4	3	90E2	絶	60	165	74	179	15	15
1118	000CBDE0	3	90E5	仙	75	165	89	179	15	15
1119	000CBDEC	3	90E6	先	90	165	104	179	15	15
1120	000CBDF8	3	90E7	千	105	165	119	179	15	15
1121	000CBE04	3	90E8	占	120	165	134	179	15	15
1122	000CBE10	3	90E9	宣	135	165	149	179	15	15
1123	000CBE1C	3	90EA	専	150	165	164	179	15	15
1124	000CBE28	3	90EC	川	165	165	179	179	15	15
1125	000CBE34	3	90ED	戦	180	165	194	179	15	15
1126	000CBE40	3	90F6	潜	195	165	209	179	15	15
1127	000CBE4C	3	90FC	線	210	165	224	179	15	15
1128	000CBE58	3	9140	繊	225	165	239	179	15	15
1129	000CBE64	3	9144	船	240	165	254	179	15	15
1130	000CBE70	3	9146	詮	0	180	14	194	15	15
1131	000CBE7C	3	9148	践	15	180	29	194	15	15
1132	000CBE88	3	9149	選	30	180	44	194	15	15
1133	000CBE94	3	914D	閃	45	180	59	194	15	15
1134	000CBEA0	3	914E	鮮	60	180	74	194	15	15
1135	000CBEAC	3	914F	前	75	180	89	194	15	15
1136	000CBEB8	3	9150	善	90	180	104	194	15	15
1137	000CBEC4	3	9152	然	105	180	119	194	15	15
1138	000CBED0	3	9153	全	120	180	134	194	15	15
1139	000CBEDC	3	9156	膳	135	180	149	194	15	15
1140	000CBEE8	3	915F	狙	150	180	164	194	15	15
1141	000CBEF4	3	9162	礎	165	180	179	194	15	15
1142	000CBF00	3	9166	素	180	180	194	194	15	15
1143	000CBF0C	3	9167	組	195	180	209	194	15	15
1144	000CBF18	3	9168	蘇	210	180	224	194	15	15
1145	000CBF24	3	916A	阻	225	180	239	194	15	15
1146	000CBF30	3	916E	創	240	180	254	194	15	15
1147	000CBF3C	3	916F	双	0	195	14	209	15	15
1148	000CBF48	3	9171	倉	15	195	29	209	15	15
1149	000CBF54	3	9174	奏	30	195	44	209	15	15
1150	000CBF60	3	9177	層	45	195	59	209	15	15
1151	000CBF6C	3	917A	想	60	195	74	209	15	15
1152	000CBF78	3	917C	掃	75	195	89	209	15	15
1153	000CBF84	3	9180	操	90	195	104	209	15	15
1154	000CBF90	3	9181	早	105	195	119	209	15	15
1155	000CBF9C	3	9188	争	120	195	134	209	15	15
1156	000CBFA8	3	918A	相	135	195	149	209	15	15
1157	000CBFB4	3	918D	総	150	195	164	209	15	15
1158	000CBFC0	3	9195	装	165	195	179	209	15	15
1159	000CBFCC	3	9196	走	180	195	194	209	15	15
1160	000CBFD8	3	9197	送	195	195	209	209	15	15
1161	000CBFE4	3	919B	騒	210	195	224	209	15	15
1162	000CBFF0	3	919C	像	225	195	239	209	15	15
1163	000CBFFC	3	919D	増	240	195	254	209	15	15
1164	000CC008	3	919E	憎	0	210	14	224	15	15
1165	000CC014	3	919F	臓	15	210	29	224	15	15
1166	000CC020	3	91A2	造	30	210	44	224	15	15
1167	000CC02C	3	91A4	側	45	210	59	224	15	15
1168	000CC038	3	91A7	息	60	210	74	224	15	15
1169	000CC044	3	91A8	捉	75	210	89	224	15	15
1170	000CC050	3	91A9	束	90	210	104	224	15	15
1171	000CC05C	3	91AA	測	105	210	119	224	15	15
1172	000CC068	3	91AB	足	120	210	134	224	15	15
1173	000CC074	3	91AC	速	135	210	149	224	15	15
1174	000CC080	3	91AE	属	150	210	164	224	15	15
1175	000CC08C	3	91B0	族	165	210	179	224	15	15
1176	000CC098	3	91B1	続	180	210	194	224	15	15
1177	000CC0A4	3	91B6	存	195	210	209	224	15	15
1178	000CC0B0	3	91B7	孫	210	210	224	224	15	15
1179	000CC0BC	3	91B8	尊	225	210	239	224	15	15
1180	000CC0C8	3	91B9	損	240	210	254	224	15	15
1181	000CC0D4	3	91BA	村	0	225	14	239	15	15
1182	000CC0E0	3	91BC	他	15	225	29	239	15	15
1183	000CC0EC	3	91BD	多	30	225	44	239	15	15
1184	000CC0F8	3	91BE	太	45	225	59	239	15	15
1185	000CC104	3	91C5	打	60	225	74	239	15	15
1186	000CC110	3	91CA	駄	75	225	89	239	15	15
1187	000CC11C	3	91CC	体	90	225	104	239	15	15
1188	000CC128	3	91CE	対	105	225	119	239	15	15
1189	000CC134	3	91CF	耐	120	225	134	239	15	15
1190	000CC140	3	91D1	帯	135	225	149	239	15	15
1191	000CC14C	3	91D2	待	150	225	164	239	15	15
1192	000CC158	3	91D4	態	165	225	179	239	15	15
1193	000CC164	3	91D6	替	180	225	194	239	15	15
1194	000CC170	3	91DD	貸	195	225	209	239	15	15
1195	000CC17C	3	91DE	退	210	225	224	239	15	15
1196	000CC188	3	91DF	逮	225	225	239	239	15	15
1197	000CC194	3	91E0	隊	240	225	254	239	15	15
1198	000CC1A0	3	91E3	代	0	240	14	254	15	15
1199	000CC1AC	3	91E4	台	15	240	29	254	15	15
1200	000CC1B8	3	91E5	大	30	240	44	254	15	15
1201	000CC1C4	3	91E6	第	45	240	59	254	15	15
1202	000CC1D0	3	91E8	題	60	240	74	254	15	15
1203	000CC1DC	3	91EE	宅	75	240	89	254	15	15
1204	000CC1E8	3	91F0	択	90	240	104	254	15	15
1205	000CC1F4	3	91F2	沢	105	240	119	254	15	15
1206	000CC200	3	9240	叩	120	240	134	254	15	15
1207	000CC20C	3	9242	達	135	240	149	254	15	15
1208	000CC218	3	9244	奪	150	240	164	254	15	15
1209	000CC224	3	9245	脱	165	240	179	254	15	15
1210	000CC230	3	924E	誰	180	240	194	254	15	15
1211	000CC23C	3	9250	単	195	240	209	254	15	15
1212	000CC248	3	9253	担	210	240	224	254	15	15
1213	000CC254	3	9254	探	225	240	239	254	15	15
1214	000CC260	3	9255	旦	240	240	254	254	15	15
1215	000CC26C	4	925A	短	0	0	14	14	15	15
1216	000CC278	4	925B	端	15	0	29	14	15	15
1217	000CC284	4	9261	誕	30	0	44	14	15	15
1218	000CC290	4	9262	鍛	45	0	59	14	15	15
1219	000CC29C	4	9263	団	60	0	74	14	15	15
1220	000CC2A8	4	9265	弾	75	0	89	14	15	15
1221	000CC2B4	4	9266	断	90	0	104	14	15	15
1222	000CC2C0	4	9269	段	105	0	119	14	15	15
1223	000CC2CC	4	926A	男	120	0	134	14	15	15
1224	000CC2D8	4	926B	談	135	0	149	14	15	15
1225	000CC2E4	4	926C	値	150	0	164	14	15	15
1226	000CC2F0	4	926D	知	165	0	179	14	15	15
1227	000CC2FC	4	926E	地	180	0	194	14	15	15
1228	000CC308	4	9270	恥	195	0	209	14	15	15
1229	000CC314	4	9273	痴	210	0	224	14	15	15
1230	000CC320	4	9275	置	225	0	239	14	15	15
1231	000CC32C	4	9276	致	240	0	254	14	15	15
1232	000CC338	4	9277	蜘	0	15	14	29	15	15
1233	000CC344	4	9278	遅	15	15	29	29	15	15
1234	000CC350	4	927A	築	30	15	44	29	15	15
1235	000CC35C	4	9283	茶	45	15	59	29	15	15
1236	000CC368	4	9285	着	60	15	74	29	15	15
1237	000CC374	4	9286	中	75	15	89	29	15	15
1238	000CC380	4	9287	仲	90	15	104	29	15	15
1239	000CC38C	4	9288	宙	105	15	119	29	15	15
1240	000CC398	4	928B	昼	120	15	134	29	15	15
1241	000CC3A4	4	928D	注	135	15	149	29	15	15
1242	000CC3B0	4	928E	虫	150	15	164	29	15	15
1243	000CC3BC	4	9296	猪	165	15	179	29	15	15
1244	000CC3C8	4	9298	著	180	15	194	29	15	15
1245	000CC3D4	4	92A1	庁	195	15	209	29	15	15
1246	000CC3E0	4	92A3	張	210	15	224	29	15	15
1247	000CC3EC	4	92A6	懲	225	15	239	29	15	15
1248	000CC3F8	4	92A7	挑	240	15	254	29	15	15
1249	000CC404	4	92A9	朝	0	30	14	44	15	15
1250	000CC410	4	92AA	潮	15	30	29	44	15	15
1251	000CC41C	4	92AC	町	30	30	44	44	15	15
1252	000CC428	4	92AE	聴	45	30	59	44	15	15
1253	000CC434	4	92B2	調	60	30	74	44	15	15
1254	000CC440	4	92B4	超	75	30	89	44	15	15
1255	000CC44C	4	92B7	長	90	30	104	44	15	15
1256	000CC458	4	92B9	鳥	105	30	119	44	15	15
1257	000CC464	4	92BC	直	120	30	134	44	15	15
1258	000CC470	4	92C3	津	135	30	149	44	15	15
1259	000CC47C	4	92C7	追	150	30	164	44	15	15
1260	000CC488	4	92C9	痛	165	30	179	44	15	15
1261	000CC494	4	92CA	通	180	30	194	44	15	15
1262	000CC4A0	4	92CB	塚	195	30	209	44	15	15
1263	000CC4AC	4	92DE	釣	210	30	224	44	15	15
1264	000CC4B8	4	92E1	低	225	30	239	44	15	15
1265	000CC4C4	4	92E2	停	240	30	254	44	15	15
1266	000CC4D0	4	92E8	定	0	45	14	59	15	15
1267	000CC4DC	4	92E9	帝	15	45	29	59	15	15
1268	000CC4E8	4	92EA	底	30	45	44	59	15	15
1269	000CC4F4	4	92ED	弟	45	45	59	59	15	15
1270	000CC500	4	92EF	抵	60	45	74	59	15	15
1271	000CC50C	4	92F1	提	75	45	89	59	15	15
1272	000CC518	4	92F6	程	90	45	104	59	15	15
1273	000CC524	4	9345	摘	105	45	119	59	15	15
1274	000CC530	4	9347	敵	120	45	134	59	15	15
1275	000CC53C	4	9349	的	135	45	149	59	15	15
1276	000CC548	4	934B	適	150	45	164	59	15	15
1277	000CC554	4	934F	徹	165	45	179	59	15	15
1278	000CC560	4	9350	撤	180	45	194	59	15	15
1279	000CC56C	4	9353	鉄	195	45	209	59	15	15
1280	000CC578	4	9356	天	210	45	224	59	15	15
1281	000CC584	4	9357	展	225	45	239	59	15	15
1282	000CC590	4	9358	店	240	45	254	59	15	15
1283	000CC59C	4	935C	貼	0	60	14	74	15	15
1284	000CC5A8	4	935D	転	15	60	29	74	15	15
1285	000CC5B4	4	935F	点	30	60	44	74	15	15
1286	000CC5C0	4	9360	伝	45	60	59	74	15	15
1287	000CC5CC	4	9361	殿	60	60	74	74	15	15
1288	000CC5D8	4	9363	田	75	60	89	74	15	15
1289	000CC5E4	4	9364	電	90	60	104	74	15	15
1290	000CC5F0	4	9366	吐	105	60	119	74	15	15
1291	000CC5FC	4	936B	徒	120	60	134	74	15	15
1292	000CC608	4	936E	渡	135	60	149	74	15	15
1293	000CC614	4	936F	登	150	60	164	74	15	15
1294	000CC620	4	9372	途	165	60	179	74	15	15
1295	000CC62C	4	9373	都	180	60	194	74	15	15
1296	000CC638	4	9377	努	195	60	209	74	15	15
1297	000CC644	4	9378	度	210	60	224	74	15	15
1298	000CC650	4	9379	土	225	60	239	74	15	15
1299	000CC65C	4	937A	奴	240	60	254	74	15	15
1300	000CC668	4	937B	怒	0	75	14	89	15	15
1301	000CC674	4	937C	倒	15	75	29	89	15	15
1302	000CC680	4	9381	刀	30	75	44	89	15	15
1303	000CC68C	4	9385	套	45	75	59	89	15	15
1304	000CC698	4	9386	宕	60	75	74	89	15	15
1305	000CC6A4	4	9387	島	75	75	89	89	15	15
1306	000CC6B0	4	938A	投	90	75	104	89	15	15
1307	000CC6BC	4	938B	搭	105	75	119	89	15	15
1308	000CC6C8	4	938C	東	120	75	134	89	15	15
1309	000CC6D4	4	9390	盗	135	75	149	89	15	15
1310	000CC6E0	4	9396	当	150	75	164	89	15	15
1311	000CC6EC	4	9399	等	165	75	179	89	15	15
1312	000CC6F8	4	939A	答	180	75	194	89	15	15
1313	000CC704	4	939D	統	195	75	209	89	15	15
1314	000CC710	4	939E	到	210	75	224	89	15	15
1315	000CC71C	4	93A2	討	225	75	239	89	15	15
1316	000CC728	4	93A4	豆	240	75	254	89	15	15
1317	000CC734	4	93A6	逃	0	90	14	104	15	15
1318	000CC740	4	93A7	透	15	90	29	104	15	15
1319	000CC74C	4	93AA	頭	30	90	44	104	15	15
1320	000CC758	4	93AC	闘	45	90	59	104	15	15
1321	000CC764	4	93AD	働	60	90	74	104	15	15
1322	000CC770	4	93AE	動	75	90	89	104	15	15
1323	000CC77C	4	93AF	同	90	90	104	104	15	15
1324	000CC788	4	93B0	堂	105	90	119	104	15	15
1325	000CC794	4	93B1	導	120	90	134	104	15	15
1326	000CC7A0	4	93B9	道	135	90	149	104	15	15
1327	000CC7AC	4	93BE	得	150	90	164	104	15	15
1328	000CC7B8	4	93C1	特	165	90	179	104	15	15
1329	000CC7C4	4	93C6	独	180	90	194	104	15	15
1330	000CC7D0	4	93C7	読	195	90	209	104	15	15
1331	000CC7DC	4	93CA	凸	210	90	224	104	15	15
1332	000CC7E8	4	93CB	突	225	90	239	104	15	15
1333	000CC7F4	4	93CD	届	240	90	254	104	15	15
1334	000CC800	4	93D8	豚	0	105	14	119	15	15
1335	000CC80C	4	93DE	奈	15	105	29	119	15	15
1336	000CC818	4	93E0	内	30	105	44	119	15	15
1337	000CC824	4	93E4	謎	45	105	59	119	15	15
1338	000CC830	4	93EF	難	60	105	74	119	15	15
1339	000CC83C	4	93F1	二	75	105	89	119	15	15
1340	000CC848	4	93F7	肉	90	105	104	119	15	15
1341	000CC854	4	93FA	日	105	105	119	119	15	15
1342	000CC860	4	93FC	入	120	105	134	119	15	15
1343	000CC86C	4	9443	任	135	105	149	119	15	15
1344	000CC878	4	9446	認	150	105	164	119	15	15
1345	000CC884	4	944C	猫	165	105	179	119	15	15
1346	000CC890	4	944E	年	180	105	194	119	15	15
1347	000CC89C	4	944F	念	195	105	209	119	15	15
1348	000CC8A8	4	9453	粘	210	105	224	119	15	15
1349	000CC8B4	4	9459	悩	225	105	239	119	15	15
1350	000CC8C0	4	945A	濃	240	105	254	119	15	15
1351	000CC8CC	4	945B	納	0	120	14	134	15	15
1352	000CC8D8	4	945C	能	15	120	29	134	15	15
1353	000CC8E4	4	945D	脳	30	120	44	134	15	15
1354	000CC8F0	4	9467	波	45	120	59	134	15	15
1355	000CC8FC	4	9468	派	60	120	74	134	15	15
1356	000CC908	4	946A	破	75	120	89	134	15	15
1357	000CC914	4	946E	馬	90	120	104	134	15	15
1358	000CC920	4	9470	廃	105	120	119	134	15	15
1359	000CC92C	4	9473	敗	120	120	134	134	15	15
1360	000CC938	4	9474	杯	135	120	149	134	15	15
1361	000CC944	4	9477	背	150	120	164	134	15	15
1362	000CC950	4	9479	輩	165	120	179	134	15	15
1363	000CC95C	4	947A	配	180	120	194	134	15	15
1364	000CC968	4	947B	倍	195	120	209	134	15	15
1365	000CC974	4	9483	買	210	120	224	134	15	15
1366	000CC980	4	9484	売	225	120	239	134	15	15
1367	000CC98C	4	9492	白	240	120	254	134	15	15
1368	000CC998	4	9496	薄	0	135	14	149	15	15
1369	000CC9A4	4	9499	漠	15	135	29	149	15	15
1370	000CC9B0	4	949A	爆	30	135	44	149	15	15
1371	000CC9BC	4	94AA	八	45	135	59	149	15	15
1372	000CC9C8	4	94AD	発	60	135	74	149	15	15
1373	000CC9D4	4	94AF	髪	75	135	89	149	15	15
1374	000CC9E0	4	94B1	罰	90	135	104	149	15	15
1375	000CC9EC	4	94B2	抜	105	135	119	149	15	15
1376	000CC9F8	4	94BB	判	120	135	134	149	15	15
1377	000CCA04	4	94BC	半	135	135	149	149	15	15
1378	000CCA10	4	94BD	反	150	135	164	149	15	15
1379	000CCA1C	4	94C0	搬	165	135	179	149	15	15
1380	000CCA28	4	94C2	板	180	135	194	149	15	15
1381	000CCA34	4	94C5	版	195	135	209	149	15	15
1382	000CCA40	4	94C6	犯	210	135	224	149	15	15
1383	000CCA4C	4	94CA	般	225	135	239	149	15	15
1384	000CCA58	4	94CC	販	240	135	254	149	15	15
1385	000CCA64	4	94CD	範	0	150	14	164	15	15
1386	000CCA70	4	94D1	飯	15	150	29	164	15	15
1387	000CCA7C	4	94D4	番	30	150	44	164	15	15
1388	000CCA88	4	94DE	彼	45	150	59	164	15	15
1389	000CCA94	4	94DF	悲	60	150	74	164	15	15
1390	000CCAA0	4	94E0	扉	75	150	89	164	15	15
1391	000CCAAC	4	94E1	批	90	150	104	164	15	15
1392	000CCAB8	4	94E4	比	105	150	119	164	15	15
1393	000CCAC4	4	94E6	疲	120	150	134	164	15	15
1394	000CCAD0	4	94ED	被	135	150	149	164	15	15
1395	000CCADC	4	94EF	費	150	150	164	164	15	15
1396	000CCAE8	4	94F1	非	165	150	179	164	15	15
1397	000CCAF4	4	94F2	飛	180	150	194	164	15	15
1398	000CCB00	4	94F5	備	195	150	209	164	15	15
1399	000CCB0C	4	94F6	尾	210	150	224	164	15	15
1400	000CCB18	4	94F7	微	225	150	239	164	15	15
1401	000CCB24	4	94FC	美	240	150	254	164	15	15
1402	000CCB30	4	9541	柊	0	165	14	179	15	15
1403	000CCB3C	4	9543	匹	15	165	29	179	15	15
1404	000CCB48	4	954B	必	30	165	44	179	15	15
1405	000CCB54	4	9553	百	45	165	59	179	15	15
1406	000CCB60	4	9557	標	60	165	74	179	15	15
1407	000CCB6C	4	9558	氷	75	165	89	179	15	15
1408	000CCB78	4	955B	票	90	165	104	179	15	15
1409	000CCB84	4	955C	表	105	165	119	179	15	15
1410	000CCB90	4	9560	描	120	165	134	179	15	15
1411	000CCB9C	4	9561	病	135	165	149	179	15	15
1412	000CCBA8	4	9562	秒	150	165	164	179	15	15
1413	000CCBB4	4	9569	品	165	165	179	179	15	15
1414	000CCBC0	4	9571	敏	180	165	194	179	15	15
1415	000CCBCC	4	9573	不	195	165	209	179	15	15
1416	000CCBD8	4	9574	付	210	165	224	179	15	15
1417	000CCBE4	4	9576	夫	225	165	239	179	15	15
1418	000CCBF0	4	9577	婦	240	165	254	179	15	15
1419	000CCBFC	4	9578	富	0	180	14	194	15	15
1420	000CCC08	4	957A	布	15	180	29	194	15	15
1421	000CCC14	4	957C	怖	30	180	44	194	15	15
1422	000CCC20	4	957E	敷	45	180	59	194	15	15
1423	000CCC2C	4	9581	普	60	180	74	194	15	15
1424	000CCC38	4	9582	浮	75	180	89	194	15	15
1425	000CCC44	4	9583	父	90	180	104	194	15	15
1426	000CCC50	4	9589	負	105	180	119	194	15	15
1427	000CCC5C	4	958E	侮	120	180	134	194	15	15
1428	000CCC68	4	9590	武	135	180	149	194	15	15
1429	000CCC74	4	9591	舞	150	180	164	194	15	15
1430	000CCC80	4	9594	部	165	180	179	194	15	15
1431	000CCC8C	4	9595	封	180	180	194	194	15	15
1432	000CCC98	4	9597	風	195	180	209	194	15	15
1433	000CCCA4	4	959A	伏	210	180	224	194	15	15
1434	000CCCB0	4	959B	副	225	180	239	194	15	15
1435	000CCCBC	4	959C	復	240	180	254	194	15	15
1436	000CCCC8	4	959D	幅	0	195	14	209	15	15
1437	000CCCD4	4	959E	服	15	195	29	209	15	15
1438	000CCCE0	4	95A0	腹	30	195	44	209	15	15
1439	000CCCEC	4	95A1	複	45	195	59	209	15	15
1440	000CCCF8	4	95A5	払	60	195	74	209	15	15
1441	000CCD04	4	95A7	仏	75	195	89	209	15	15
1442	000CCD10	4	95A8	物	90	195	104	209	15	15
1443	000CCD1C	4	95AA	分	105	195	119	209	15	15
1444	000CCD28	4	95B1	奮	120	195	134	209	15	15
1445	000CCD34	4	95B3	糞	135	195	149	209	15	15
1446	000CCD40	4	95B5	雰	150	195	164	209	15	15
1447	000CCD4C	4	95B6	文	165	195	179	209	15	15
1448	000CCD58	4	95B7	聞	180	195	194	209	15	15
1449	000CCD64	4	95BA	兵	195	195	209	209	15	15
1450	000CCD70	4	95BD	平	210	195	224	209	15	15
1451	000CCD7C	4	95C0	並	225	195	239	209	15	15
1452	000CCD88	4	95C2	閉	240	195	254	209	15	15
1453	000CCD94	4	95C4	米	0	210	14	224	15	15
1454	000CCDA0	4	95C7	壁	15	210	29	224	15	15
1455	000CCDAC	4	95CA	別	30	210	44	224	15	15
1456	000CCDB8	4	95CE	偏	45	210	59	224	15	15
1457	000CCDC4	4	95CF	変	60	210	74	224	15	15
1458	000CCDD0	4	95D0	片	75	210	89	224	15	15
1459	000CCDDC	4	95D2	編	90	210	104	224	15	15
1460	000CCDE8	4	95D3	辺	105	210	119	224	15	15
1461	000CCDF4	4	95D4	返	120	210	134	224	15	15
1462	000CCE00	4	95D6	便	135	210	149	224	15	15
1463	000CCE0C	4	95D7	勉	150	210	164	224	15	15
1464	000CCE18	4	95D9	弁	165	210	179	224	15	15
1465	000CCE24	4	95DB	保	180	210	194	224	15	15
1466	000CCE30	4	95DF	捕	195	210	209	224	15	15
1467	000CCE3C	4	95E0	歩	210	210	224	224	15	15
1468	000CCE48	4	95E2	補	225	210	239	224	15	15
1469	000CCE54	4	95E5	募	240	210	254	224	15	15
1470	000CCE60	4	95E6	墓	0	225	14	239	15	15
1471	000CCE6C	4	95E9	暮	15	225	29	239	15	15
1472	000CCE78	4	95EA	母	30	225	44	239	15	15
1473	000CCE84	4	95EF	包	45	225	59	239	15	15
1474	000CCE90	4	95F0	呆	60	225	74	239	15	15
1475	000CCE9C	4	95F1	報	75	225	89	239	15	15
1476	000CCEA8	4	95F6	崩	90	225	104	239	15	15
1477	000CCEB4	4	95F8	抱	105	225	119	239	15	15
1478	000CCEC0	4	95FA	放	120	225	134	239	15	15
1479	000CCECC	4	95FB	方	135	225	149	239	15	15
1480	000CCED8	4	9640	法	150	225	164	239	15	15
1481	000CCEE4	4	9643	砲	165	225	179	239	15	15
1482	000CCEF0	4	9645	胞	180	225	194	239	15	15
1483	000CCEFC	4	964B	訪	195	225	209	239	15	15
1484	000CCF08	4	964C	豊	210	225	224	239	15	15
1485	000CCF14	4	964F	飽	225	225	239	239	15	15
1486	000CCF20	4	9653	亡	240	225	254	239	15	15
1487	000CCF2C	4	9654	傍	0	240	14	254	15	15
1488	000CCF38	4	9656	坊	15	240	29	254	15	15
1489	000CCF44	4	9657	妨	30	240	44	254	15	15
1490	000CCF50	4	9659	忘	45	240	59	254	15	15
1491	000CCF5C	4	965B	房	60	240	74	254	15	15
1492	000CCF68	4	965C	暴	75	240	89	254	15	15
1493	000CCF74	4	965D	望	90	240	104	254	15	15
1494	000CCF80	4	965F	棒	105	240	119	254	15	15
1495	000CCF8C	4	9660	冒	120	240	134	254	15	15
1496	000CCF98	4	9663	膨	135	240	149	254	15	15
1497	000CCFA4	4	9664	謀	150	240	164	254	15	15
1498	000CCFB0	4	9668	防	165	240	179	254	15	15
1499	000CCFBC	4	966B	北	180	240	194	254	15	15
1500	000CCFC8	4	966C	僕	195	240	209	254	15	15
1501	000CCFD4	4	966F	撲	210	240	224	254	15	15
1502	000CCFE0	4	9675	勃	225	240	239	254	15	15
1503	000CCFEC	4	9677	殆	240	240	254	254	15	15
1504	000CCFF8	5	967B	本	0	0	14	14	15	15
1505	000CD004	5	967C	翻	15	0	29	14	15	15
1506	000CD010	5	967E	盆	30	0	44	14	15	15
1507	000CD01C	5	9681	磨	45	0	59	14	15	15
1508	000CD028	5	9682	魔	60	0	74	14	15	15
1509	000CD034	5	9684	埋	75	0	89	14	15	15
1510	000CD040	5	9686	昧	90	0	104	14	15	15
1511	000CD04C	5	9687	枚	105	0	119	14	15	15
1512	000CD058	5	9688	毎	120	0	134	14	15	15
1513	000CD064	5	968B	幕	135	0	149	14	15	15
1514	000CD070	5	9694	又	150	0	164	14	15	15
1515	000CD07C	5	9695	抹	165	0	179	14	15	15
1516	000CD088	5	9696	末	180	0	194	14	15	15
1517	000CD094	5	969C	万	195	0	209	14	15	15
1518	000CD0A0	5	969D	慢	210	0	224	14	15	15
1519	000CD0AC	5	969E	満	225	0	239	14	15	15
1520	000CD0B8	5	96A1	味	240	0	254	14	15	15
1521	000CD0C4	5	96A2	未	0	15	14	29	15	15
1522	000CD0D0	5	96A3	魅	15	15	29	29	15	15
1523	000CD0DC	5	96AD	妙	30	15	44	29	15	15
1524	000CD0E8	5	96AF	民	45	15	59	29	15	15
1525	000CD0F4	5	96B0	眠	60	15	74	29	15	15
1526	000CD100	5	96B1	務	75	15	89	29	15	15
1527	000CD10C	5	96B2	夢	90	15	104	29	15	15
1528	000CD118	5	96B3	無	105	15	119	29	15	15
1529	000CD124	5	96B5	矛	120	15	134	29	15	15
1530	000CD130	5	96BA	娘	135	15	149	29	15	15
1531	000CD13C	5	96BC	名	150	15	164	29	15	15
1532	000CD148	5	96BD	命	165	15	179	29	15	15
1533	000CD154	5	96BE	明	180	15	194	29	15	15
1534	000CD160	5	96C0	迷	195	15	209	29	15	15
1535	000CD16C	5	96C2	鳴	210	15	224	29	15	15
1536	000CD178	5	96C5	滅	225	15	239	29	15	15
1537	000CD184	5	96CA	面	240	15	254	29	15	15
1538	000CD190	5	96D1	毛	0	30	14	44	15	15
1539	000CD19C	5	96D2	猛	15	30	29	44	15	15
1540	000CD1A8	5	96D8	木	30	30	44	44	15	15
1541	000CD1B4	5	96D9	黙	45	30	59	44	15	15
1542	000CD1C0	5	96DA	目	60	30	74	44	15	15
1543	000CD1CC	5	96DF	戻	75	30	89	44	15	15
1544	000CD1D8	5	96E1	貰	90	30	104	44	15	15
1545	000CD1E4	5	96E2	問	105	30	119	44	15	15
1546	000CD1F0	5	96E5	門	120	30	134	44	15	15
1547	000CD1FC	5	96E9	夜	135	30	149	44	15	15
1548	000CD208	5	96EC	野	150	30	164	44	15	15
1549	000CD214	5	96EE	矢	165	30	179	44	15	15
1550	000CD220	5	96F0	役	180	30	194	44	15	15
1551	000CD22C	5	96F1	約	195	30	209	44	15	15
1552	000CD238	5	96F2	薬	210	30	224	44	15	15
1553	000CD244	5	96F3	訳	225	30	239	44	15	15
1554	000CD250	5	96F4	躍	240	30	254	44	15	15
1555	000CD25C	5	96FB	油	0	45	14	59	15	15
1556	000CD268	5	9744	優	15	45	29	59	15	15
1557	000CD274	5	9745	勇	30	45	44	59	15	15
1558	000CD280	5	9746	友	45	45	59	59	15	15
1559	000CD28C	5	974C	有	60	45	74	59	15	15
1560	000CD298	5	9752	由	75	45	89	59	15	15
1561	000CD2A4	5	9754	裕	90	45	104	59	15	15
1562	000CD2B0	5	9755	誘	105	45	119	59	15	15
1563	000CD2BC	5	9756	遊	120	45	134	59	15	15
1564	000CD2C8	5	975A	融	135	45	149	59	15	15
1565	000CD2D4	5	975C	予	150	45	164	59	15	15
1566	000CD2E0	5	975D	余	165	45	179	59	15	15
1567	000CD2EC	5	975E	与	180	45	194	59	15	15
1568	000CD2F8	5	9764	妖	195	45	209	59	15	15
1569	000CD304	5	9765	容	210	45	224	59	15	15
1570	000CD310	5	9767	揚	225	45	239	59	15	15
1571	000CD31C	5	9768	揺	240	45	254	59	15	15
1572	000CD328	5	976A	曜	0	60	14	74	15	15
1573	000CD334	5	976C	様	15	60	29	74	15	15
1574	000CD340	5	976E	溶	30	60	44	74	15	15
1575	000CD34C	5	9770	用	45	60	59	74	15	15
1576	000CD358	5	9774	葉	60	60	74	74	15	15
1577	000CD364	5	9776	要	75	60	89	74	15	15
1578	000CD370	5	977A	陽	90	60	104	74	15	15
1579	000CD37C	5	977B	養	105	60	119	74	15	15
1580	000CD388	5	977D	抑	120	60	134	74	15	15
1581	000CD394	5	977E	欲	135	60	149	74	15	15
1582	000CD3A0	5	9782	翌	150	60	164	74	15	15
1583	000CD3AC	5	9787	裸	165	60	179	74	15	15
1584	000CD3B8	5	9788	来	180	60	194	74	15	15
1585	000CD3C4	5	978A	頼	195	60	209	74	15	15
1586	000CD3D0	5	978D	絡	210	60	224	74	15	15
1587	000CD3DC	5	978E	落	225	60	239	74	15	15
1588	000CD3E8	5	9790	乱	240	60	254	74	15	15
1589	000CD3F4	5	9792	嵐	0	75	14	89	15	15
1590	000CD400	5	9798	利	15	75	29	89	15	15
1591	000CD40C	5	979D	理	30	75	44	89	15	15
1592	000CD418	5	97A0	裏	45	75	59	89	15	15
1593	000CD424	5	97A3	離	60	75	74	89	15	15
1594	000CD430	5	97A5	律	75	75	89	89	15	15
1595	000CD43C	5	97A6	率	90	75	104	89	15	15
1596	000CD448	5	97A7	立	105	75	119	89	15	15
1597	000CD454	5	97AA	略	120	75	134	89	15	15
1598	000CD460	5	97AC	流	135	75	149	89	15	15
1599	000CD46C	5	97AD	溜	150	75	164	89	15	15
1600	000CD478	5	97B4	龍	165	75	179	89	15	15
1601	000CD484	5	97B6	慮	180	75	194	89	15	15
1602	000CD490	5	97B7	旅	195	75	209	89	15	15
1603	000CD49C	5	97B9	了	210	75	224	89	15	15
1604	000CD4A8	5	97BC	両	225	75	239	89	15	15
1605	000CD4B4	5	97BF	料	240	75	254	89	15	15
1606	000CD4C0	5	97C7	良	0	90	14	104	15	15
1607	000CD4CC	5	97CA	量	15	90	29	104	15	15
1608	000CD4D8	5	97CD	力	30	90	44	104	15	15
1609	000CD4E4	5	97D7	隣	45	90	59	104	15	15
1610	000CD4F0	5	97DE	類	60	90	74	104	15	15
1611	000CD4FC	5	97DF	令	75	90	89	104	15	15
1612	000CD508	5	97E1	例	90	90	104	104	15	15
1613	000CD514	5	97E2	冷	105	90	119	104	15	15
1614	000CD520	5	97E7	礼	120	90	134	104	15	15
1615	000CD52C	5	97F0	歴	135	90	149	104	15	15
1616	000CD538	5	97F1	列	150	90	164	104	15	15
1617	000CD544	5	97F2	劣	165	90	179	104	15	15
1618	000CD550	5	97F3	烈	180	90	194	104	15	15
1619	000CD55C	5	97F4	裂	195	90	209	104	15	15
1620	000CD568	5	97F6	恋	210	90	224	104	15	15
1621	000CD574	5	97FB	練	225	90	239	104	15	15
1622	000CD580	5	9841	連	240	90	254	104	15	15
1623	000CD58C	5	9846	炉	0	105	14	119	15	15
1624	000CD598	5	9848	路	15	105	29	119	15	15
1625	000CD5A4	5	984A	労	30	105	44	119	15	15
1626	000CD5B0	5	984D	弄	45	105	59	119	15	15
1627	000CD5BC	5	9851	浪	60	105	74	119	15	15
1628	000CD5C8	5	9852	漏	75	105	89	119	15	15
1629	000CD5D4	5	9854	狼	90	105	104	119	15	15
1630	000CD5E0	5	9856	老	105	105	119	119	15	15
1631	000CD5EC	5	9859	郎	120	105	134	119	15	15
1632	000CD5F8	5	985A	六	135	105	149	119	15	15
1633	000CD604	5	985E	録	150	105	164	119	15	15
1634	000CD610	5	9861	和	165	105	179	119	15	15
1635	000CD61C	5	9862	話	180	105	194	119	15	15
1636	000CD628	5	9866	惑	195	105	209	119	15	15
1637	000CD634	5	986D	藁	210	105	224	119	15	15
1638	000CD640	5	9872	腕	225	105	239	119	15	15
1639	000CD64C	5	98A4	丶	240	105	254	119	15	15
1640	000CD658	5	9AD0	墟	0	120	14	134	15	15
1641	000CD664	5	9AF8	奢	15	120	29	134	15	15
1642	000CD670	5	9BB3	峙	30	120	44	134	15	15
1643	000CD67C	5	9C61	彗	45	120	59	134	15	15
1644	000CD688	5	9CE0	憫	60	120	74	134	15	15
1645	000CD694	5	9E42	曖	75	120	89	134	15	15
1646	000CD6A0	5	E0CE	猥	90	120	104	134	15	15
1647	000CD6AC	5	E0F8	璧	105	120	119	134	15	15
1648	000CD6B8	5	E263	稍	120	120	134	134	15	15
1649	000CD6C4	5	E472	舐	135	120	149	134	15	15
1650	000CD6D0	5	E581	蛛	150	120	164	134	15	15
1651	000CD6DC	5	E5F6	褻	165	120	179	134	15	15
1652	000CD6E8	5	E690	謳	180	120	194	134	15	15
1653	000CD6F4	5	E6D2	贅	195	120	209	134	15	15
1654	000CD700	5	E888	闊	210	120	224	134	15	15
1655	000CD70C	5	E8A6	隕	225	120	239	134	15	15
1656	000CD718	5	E94C	餃	240	120	254	134	15	15
1657	000CD724	5	E951	餡	0	135	14	149	15	15
1658	000CD730	5	E981	驕	15	135	29	149	15	15
