character	unicode	code_hex	native_slot_character	page	x0	y0	x1	y1	punctuation	source
袋	U+888B	8144	．	0	144	75	158	89	no	ark-12px-common
迪	U+8FEA	8145	・	0	159	75	173	89	no	ark-12px-common
并	U+5E76	814B	゜	0	234	75	248	89	no	ark-12px-common
收	U+6536	814C	´	0	0	90	14	104	no	ark-12px-common
复	U+590D	814D	｀	0	15	90	29	104	no	ark-12px-common
欧	U+6B27	814F	＾	0	30	90	44	104	no	ark-12px-common
苍	U+82CD	8150	￣	0	45	90	59	104	no	ark-12px-common
就	U+5C31	8151	＿	0	60	90	74	104	no	ark-12px-common
拾	U+62FE	8152	ヽ	0	75	90	89	104	no	ark-12px-common
邀	U+9080	8154	ゝ	0	90	90	104	104	no	ark-12px-common
肯	U+80AF	8158	々	0	105	90	119	104	no	ark-12px-common
很	U+5F88	815B	ー	0	120	90	134	104	no	ark-12px-common
冲	U+51B2	815C	―	0	135	90	149	104	no	ark-12px-common
蝇	U+8747	815E	／	0	150	90	164	104	no	ark-12px-common
额	U+989D	815F	＼	0	165	90	179	104	no	ark-12px-common
播	U+64AD	8160	〜	0	180	90	194	104	no	ark-12px-common
已	U+5DF2	8161	‖	0	195	90	209	104	no	ark-12px-common
做	U+505A	8162	｜	0	210	90	224	104	no	ark-12px-common
赴	U+8D74	8165	‘	0	240	90	254	104	no	ark-12px-common
觉	U+89C9	8166	’	0	0	105	14	119	no	ark-12px-common
那	U+90A3	816F	｛	0	60	105	74	119	no	ark-12px-common
张	U+5F20	8170	｝	0	75	105	89	119	no	ark-12px-common
丑	U+4E11	8173	《	0	90	105	104	119	no	ark-12px-zh_cn
陋	U+964B	8174	》	0	105	105	119	119	no	ark-12px-common
蠢	U+8822	8175	「	0	120	105	134	119	no	ark-12px-common
脸	U+8138	8176	」	0	135	105	149	119	no	ark-12px-common
唔	U+5514	8177	『	0	150	105	164	119	no	ark-12px-common
晓	U+6653	8178	』	0	165	105	179	119	no	ark-12px-common
啦	U+5566	8179	【	0	180	105	194	119	no	ark-12px-common
—	U+2014	817A	】	0	195	105	209	119	no	ark-12px-common
闻	U+95FB	817C	−	0	225	105	239	119	no	ark-12px-common
零	U+96F6	817E	×	0	240	105	254	119	no	ark-12px-zh_cn
买	U+4E70	8180	÷	0	0	120	14	134	no	ark-12px-common
杀	U+6740	8182	≠	0	30	120	44	134	no	fusion-12px-zh_hans
哎	U+54CE	8183	＜	0	45	120	59	134	no	ark-12px-common
啊	U+554A	8187	∞	0	90	120	104	134	no	ark-12px-common
瞒	U+7792	818F	￥	0	105	120	119	134	no	ark-12px-common
欢	U+6B22	8190	＄	0	120	120	134	134	no	ark-12px-common
这	U+8FD9	8192	£	0	135	120	149	134	no	ark-12px-common
迸	U+8FF8	8193	％	0	150	120	164	134	no	ark-12px-common
岛	U+5C9B	8194	＃	0	165	120	179	134	no	ark-12px-common
偷	U+5077	8196	＊	0	195	120	209	134	no	ark-12px-common
芒	U+8292	8197	＠	0	210	120	224	134	no	ark-12px-common
撑	U+6491	8199	☆	0	225	120	239	134	no	ark-12px-common
后	U+540E	819A	★	0	240	120	254	134	no	ark-12px-common
赌	U+8D4C	819B	○	0	0	135	14	149	no	ark-12px-common
击	U+51FB	819E	◇	0	30	135	44	149	no	ark-12px-common
呜	U+545C	819F	◆	0	45	135	59	149	no	ark-12px-common
闯	U+95EF	81A1	■	0	60	135	74	149	no	ark-12px-common
哦	U+54E6	81A6	※	0	75	135	89	149	no	ark-12px-common
掩	U+63A9	81A8	→	0	90	135	104	149	no	ark-12px-common
看	U+770B	81A9	←	0	105	135	119	149	no	ark-12px-common
异	U+5F02	81AA	↑	0	120	135	134	149	no	ark-12px-zh_cn
炸	U+70B8	81AB	↓	0	135	135	149	149	no	ark-12px-common
粉	U+7C89	81B9	∋	0	150	135	164	149	no	ark-12px-common
缠	U+7F20	81BC	⊂	0	165	135	179	149	no	ark-12px-common
堪	U+582A	81BE	∪	0	180	135	194	149	no	ark-12px-common
碎	U+788E	81C9	∨	0	195	135	209	149	no	ark-12px-common
四	U+56DB	81CD	∀	0	210	135	224	149	no	ark-12px-common
飞	U+98DE	81DA	∠	0	225	135	239	149	no	ark-12px-common
溅	U+6E85	81DF	≡	0	0	150	14	164	no	ark-12px-common
让	U+8BA9	81E0	≒	0	15	150	29	164	no	ark-12px-common
“	U+201C	81E2	≫	0	30	150	44	164	yes	ark-12px-common
达	U+8FBE	81E3	√	0	45	150	59	164	no	ark-12px-common
按	U+6309	824F	０	0	75	150	89	164	no	ark-12px-common
露	U+9732	8250	１	0	90	150	104	164	no	ark-12px-common
嚷	U+56B7	8251	２	0	105	150	119	164	no	ark-12px-common
杰	U+6770	8252	３	0	120	150	134	164	no	ark-12px-common
键	U+952E	8253	４	0	135	150	149	164	no	ark-12px-common
带	U+5E26	8254	５	0	150	150	164	164	no	ark-12px-common
领	U+9886	8255	６	0	165	150	179	164	no	ark-12px-common
惠	U+60E0	8256	７	0	180	150	194	164	no	ark-12px-common
处	U+5904	8257	８	0	195	150	209	164	no	ark-12px-common
踏	U+8E0F	8258	９	0	210	150	224	164	no	ark-12px-common
扫	U+626B	8260	Ａ	0	225	150	239	164	no	ark-12px-common
观	U+89C2	8261	Ｂ	0	240	150	254	164	no	ark-12px-common
瞧	U+77A7	8262	Ｃ	0	0	165	14	179	no	ark-12px-common
碰	U+78B0	8263	Ｄ	0	15	165	29	179	no	ark-12px-common
腿	U+817F	8264	Ｅ	0	30	165	44	179	no	ark-12px-common
动	U+52A8	8265	Ｆ	0	45	165	59	179	no	ark-12px-common
硬	U+786C	8266	Ｇ	0	60	165	74	179	no	ark-12px-common
照	U+7167	8267	Ｈ	0	75	165	89	179	no	ark-12px-common
卖	U+5356	8268	Ｉ	0	90	165	104	179	no	ark-12px-common
励	U+52B1	8269	Ｊ	0	105	165	119	179	no	ark-12px-common
乖	U+4E56	826A	Ｋ	0	120	165	134	179	no	ark-12px-common
变	U+53D8	826B	Ｌ	0	135	165	149	179	no	ark-12px-common
聪	U+806A	826C	Ｍ	0	150	165	164	179	no	fusion-12px-zh_hans
糖	U+7CD6	826D	Ｎ	0	165	165	179	179	no	ark-12px-common
吧	U+5427	826E	Ｏ	0	180	165	194	179	no	ark-12px-common
螺	U+87BA	826F	Ｐ	0	195	165	209	179	no	ark-12px-common
摧	U+6467	8270	Ｑ	0	210	165	224	179	no	ark-12px-common
城	U+57CE	8271	Ｒ	0	225	165	239	179	no	ark-12px-common
旋	U+65CB	8272	Ｓ	0	240	165	254	179	no	fusion-12px-zh_hans
现	U+73B0	8273	Ｔ	0	0	180	14	194	no	ark-12px-common
没	U+6CA1	8274	Ｕ	0	15	180	29	194	no	ark-12px-common
竟	U+7ADF	8275	Ｖ	0	30	180	44	194	no	ark-12px-common
噫	U+566B	8276	Ｗ	0	45	180	59	194	no	ark-12px-common
步	U+6B65	8277	Ｘ	0	60	180	74	194	no	ark-12px-common
刺	U+523A	8281	ａ	0	105	180	119	194	no	ark-12px-common
嘿	U+563F	8283	ｃ	0	135	180	149	194	no	ark-12px-common
艘	U+8258	8284	ｄ	0	150	180	164	194	no	ark-12px-common
费	U+8D39	8285	ｅ	0	165	180	179	194	no	ark-12px-common
罢	U+7F62	8286	ｆ	0	180	180	194	194	no	ark-12px-common
赶	U+8D76	8287	ｇ	0	195	180	209	194	no	ark-12px-common
紧	U+7D27	8289	ｉ	0	225	180	239	194	no	fusion-12px-zh_hans
濒	U+6FD2	828A	ｊ	0	240	180	254	194	no	ark-12px-common
干	U+5E72	828B	ｋ	0	0	195	14	209	no	ark-12px-common
架	U+67B6	828C	ｌ	0	15	195	29	209	no	ark-12px-common
儿	U+513F	828E	ｎ	0	45	195	59	209	no	ark-12px-common
荣	U+8363	828F	ｏ	0	60	195	74	209	no	ark-12px-common
珍	U+73CD	8290	ｐ	0	75	195	89	209	no	ark-12px-common
经	U+7ECF	8291	ｑ	0	90	195	104	209	no	ark-12px-common
胆	U+80C6	8292	ｒ	0	105	195	119	209	no	ark-12px-common
迟	U+8FDF	8293	ｓ	0	120	195	134	209	no	ark-12px-common
添	U+6DFB	8294	ｔ	0	135	195	149	209	no	ark-12px-common
歉	U+6B49	8295	ｕ	0	150	195	164	209	no	ark-12px-common
蹭	U+8E6D	8296	ｖ	0	165	195	179	209	no	ark-12px-common
个	U+4E2A	8297	ｗ	0	180	195	194	209	no	ark-12px-common
俗	U+4FD7	8298	ｘ	0	195	195	209	209	no	ark-12px-common
货	U+8D27	8299	ｙ	0	210	195	224	209	no	ark-12px-common
盲	U+76F2	829A	ｚ	0	225	195	239	209	no	ark-12px-common
对	U+5BF9	829F	ぁ	0	240	195	254	209	no	ark-12px-common
辜	U+8F9C	82A0	あ	0	0	210	14	224	no	ark-12px-common
施	U+65BD	82A1	ぃ	0	15	210	29	224	no	fusion-12px-zh_hans
谅	U+8C05	82A2	い	0	30	210	44	224	no	ark-12px-common
摆	U+6446	82A3	ぅ	0	45	210	59	224	no	ark-12px-common
缚	U+7F1A	82A4	う	0	60	210	74	224	no	ark-12px-common
坏	U+574F	82A5	ぇ	0	75	210	89	224	no	ark-12px-common
镇	U+9547	82A6	え	0	90	210	104	224	no	ark-12px-common
遣	U+9063	82A7	ぉ	0	105	210	119	224	no	ark-12px-common
懊	U+61CA	82A8	お	0	120	210	134	224	no	ark-12px-common
饿	U+997F	82A9	か	0	135	210	149	224	no	ark-12px-common
吃	U+5403	82AA	が	0	150	210	164	224	no	ark-12px-common
进	U+8FDB	82AB	き	0	165	210	179	224	no	ark-12px-common
霸	U+9738	82AC	ぎ	0	180	210	194	224	no	ark-12px-common
肚	U+809A	82AD	く	0	195	210	209	224	no	ark-12px-common
某	U+67D0	82AE	ぐ	0	210	210	224	224	no	ark-12px-common
撒	U+6492	82AF	け	0	225	210	239	224	no	ark-12px-common
驾	U+9A7E	82B0	げ	0	240	210	254	224	no	ark-12px-common
约	U+7EA6	82B1	こ	0	0	225	14	239	no	ark-12px-common
逢	U+9022	82B2	ご	0	15	225	29	239	no	ark-12px-common
临	U+4E34	82B3	さ	0	30	225	44	239	no	ark-12px-common
炫	U+70AB	82B4	ざ	0	45	225	59	239	no	ark-12px-common
花	U+82B1	82B5	し	0	60	225	74	239	no	ark-12px-common
咿	U+54BF	82B6	じ	0	75	225	89	239	no	ark-12px-common
呀	U+5440	82B7	す	0	90	225	104	239	no	ark-12px-common
秘	U+79D8	82B8	ず	0	105	225	119	239	no	ark-12px-common
刚	U+521A	82B9	せ	0	120	225	134	239	no	ark-12px-common
些	U+4E9B	82BA	ぜ	0	135	225	149	239	no	ark-12px-common
话	U+8BDD	82BB	そ	0	150	225	164	239	no	ark-12px-common
密	U+5BC6	82BD	た	0	180	225	194	239	no	ark-12px-common
隐	U+9690	82BE	だ	0	195	225	209	239	no	ark-12px-zh_cn
巧	U+5DE7	82BF	ち	0	210	225	224	239	no	ark-12px-common
屡	U+5C61	82C0	ぢ	0	225	225	239	239	no	ark-12px-common
假	U+5047	82C1	っ	0	240	225	254	239	no	ark-12px-common
您	U+60A8	82C2	つ	0	0	240	14	254	no	ark-12px-common
躲	U+8EB2	82C3	づ	0	15	240	29	254	no	ark-12px-common
狗	U+72D7	82C4	て	0	30	240	44	254	no	ark-12px-common
跟	U+8DDF	82C5	で	0	45	240	59	254	no	ark-12px-common
它	U+5B83	82C6	と	0	60	240	74	254	no	ark-12px-common
否	U+5426	82C7	ど	0	75	240	89	254	no	ark-12px-common
跑	U+8DD1	82C9	に	0	105	240	119	254	no	ark-12px-common
柔	U+67D4	82CA	ぬ	0	120	240	134	254	no	ark-12px-common
还	U+8FD8	82CB	ね	0	135	240	149	254	no	ark-12px-common
样	U+6837	82CC	の	0	150	240	164	254	no	ark-12px-common
斯	U+65AF	82CD	は	0	165	240	179	254	no	ark-12px-common
喂	U+5582	82CE	ば	0	180	240	194	254	no	ark-12px-common
谁	U+8C01	82CF	ぱ	0	195	240	209	254	no	ark-12px-common
则	U+5219	82D0	ひ	0	210	240	224	254	no	ark-12px-common
说	U+8BF4	82D1	び	0	225	240	239	254	no	ark-12px-common
毫	U+6BEB	82D2	ぴ	0	240	240	254	254	no	ark-12px-common
无	U+65E0	82D3	ふ	1	0	0	14	14	no	ark-12px-common
远	U+8FDC	82D4	ぶ	1	15	0	29	14	no	ark-12px-common
殃	U+6B83	82D5	ぷ	1	30	0	44	14	no	ark-12px-common
嘎	U+560E	82D6	へ	1	45	0	59	14	no	fusion-12px-zh_hans
闹	U+95F9	82D7	べ	1	60	0	74	14	no	ark-12px-common
哇	U+54C7	82D8	ぺ	1	75	0	89	14	no	ark-12px-common
劲	U+52B2	82D9	ほ	1	90	0	104	14	no	ark-12px-common
愤	U+6124	82DA	ぼ	1	105	0	119	14	no	ark-12px-common
沉	U+6C89	82DB	ぽ	1	120	0	134	14	no	ark-12px-common
恒	U+6052	82DC	ま	1	135	0	149	14	no	ark-12px-common
夙	U+5919	82DD	み	1	150	0	164	14	no	ark-12px-common
睡	U+7761	82DE	む	1	165	0	179	14	no	ark-12px-zh_cn
穷	U+7A77	82DF	め	1	180	0	194	14	no	ark-12px-common
胀	U+80C0	82E0	も	1	195	0	209	14	no	ark-12px-common
务	U+52A1	82E1	ゃ	1	210	0	224	14	no	ark-12px-common
另	U+53E6	82E2	や	1	225	0	239	14	no	ark-12px-common
从	U+4ECE	82E3	ゅ	1	240	0	254	14	no	ark-12px-common
筋	U+7B4B	82E4	ゆ	1	0	15	14	29	no	ark-12px-common
离	U+79BB	82E5	ょ	1	15	15	29	29	no	ark-12px-common
而	U+800C	82E6	よ	1	30	15	44	29	no	ark-12px-common
之	U+4E4B	82E7	ら	1	45	15	59	29	no	ark-12px-common
截	U+622A	82E8	り	1	60	15	74	29	no	ark-12px-common
纯	U+7EAF	82E9	る	1	75	15	89	29	no	ark-12px-common
贵	U+8D35	82EA	れ	1	90	15	104	29	no	ark-12px-common
粹	U+7CB9	82EB	ろ	1	105	15	119	29	no	ark-12px-common
此	U+6B64	82ED	わ	1	120	15	134	29	no	ark-12px-common
矮	U+77EE	82F1	ん	1	150	15	164	29	no	ark-12px-common
胡	U+80E1	8340	ァ	1	165	15	179	29	no	ark-12px-common
释	U+91CA	8341	ア	1	180	15	194	29	no	ark-12px-common
增	U+589E	8342	ィ	1	195	15	209	29	no	ark-12px-common
卑	U+5351	8343	イ	1	210	15	224	29	no	ark-12px-common
选	U+9009	8344	ゥ	1	225	15	239	29	no	ark-12px-common
择	U+62E9	8346	ェ	1	0	30	14	44	no	ark-12px-common
疼	U+75BC	8347	エ	1	15	30	29	44	no	ark-12px-common
鄙	U+9119	8348	ォ	1	30	30	44	44	no	ark-12px-zh_cn
哈	U+54C8	8349	オ	1	45	30	59	44	no	ark-12px-common
迹	U+8FF9	834A	カ	1	60	30	74	44	no	ark-12px-common
搞	U+641E	834B	ガ	1	75	30	89	44	no	ark-12px-common
昏	U+660F	834C	キ	1	90	30	104	44	no	ark-12px-common
叔	U+53D4	834D	ギ	1	105	30	119	44	no	ark-12px-common
即	U+5373	834E	ク	1	120	30	134	44	no	fusion-12px-zh_hans
庞	U+5E9E	834F	グ	1	135	30	149	44	no	ark-12px-common
佯	U+4F6F	8350	ケ	1	150	30	164	44	no	ark-12px-common
许	U+8BB8	8351	ゲ	1	165	30	179	44	no	ark-12px-common
欺	U+6B3A	8352	コ	1	180	30	194	44	no	ark-12px-common
给	U+7ED9	8353	ゴ	1	195	30	209	44	no	ark-12px-common
欸	U+6B38	8354	サ	1	210	30	224	44	no	ark-12px-common
记	U+8BB0	8355	ザ	1	225	30	239	44	no	ark-12px-common
挺	U+633A	8356	シ	1	240	30	254	44	no	ark-12px-common
哪	U+54EA	8357	ジ	1	0	45	14	59	no	ark-12px-common
里	U+91CC	8358	ス	1	15	45	29	59	no	ark-12px-common
愧	U+6127	8359	ズ	1	30	45	44	59	no	ark-12px-common
谢	U+8C22	835A	セ	1	45	45	59	59	no	ark-12px-common
哼	U+54FC	835B	ゼ	1	60	45	74	59	no	ark-12px-common
壮	U+58EE	835C	ソ	1	75	45	89	59	no	ark-12px-common
团	U+56E2	835D	ゾ	1	90	45	104	59	no	ark-12px-common
队	U+961F	835E	タ	1	105	45	119	59	no	ark-12px-common
显	U+663E	835F	ダ	1	120	45	134	59	no	ark-12px-common
组	U+7EC4	8360	チ	1	135	45	149	59	no	ark-12px-common
伍	U+4F0D	8361	ヂ	1	150	45	164	59	no	ark-12px-common
悉	U+6089	8362	ッ	1	165	45	179	59	no	ark-12px-common
摸	U+6478	8363	ツ	1	180	45	194	59	no	ark-12px-common
钮	U+94AE	8364	ヅ	1	195	45	209	59	no	ark-12px-common
糟	U+7CDF	8365	テ	1	210	45	224	59	no	ark-12px-common
搜	U+641C	8366	デ	1	225	45	239	59	no	ark-12px-common
够	U+591F	8367	ト	1	240	45	254	59	no	ark-12px-common
貌	U+8C8C	8368	ド	1	0	60	14	74	no	ark-12px-common
锵	U+9535	8369	ナ	1	15	60	29	74	no	ark-12px-common
为	U+4E3A	836A	ニ	1	30	60	44	74	no	ark-12px-common
苏	U+82CF	836B	ヌ	1	45	60	59	74	no	ark-12px-common
错	U+9519	836C	ネ	1	60	60	74	74	no	ark-12px-common
嗯	U+55EF	836D	ノ	1	75	60	89	74	no	ark-12px-common
嘻	U+563B	836E	ハ	1	90	60	104	74	no	ark-12px-common
唯	U+552F	836F	バ	1	105	60	119	74	no	ark-12px-common
圣	U+5723	8370	パ	1	120	60	134	74	no	ark-12px-common
论	U+8BBA	8371	ヒ	1	135	60	149	74	no	ark-12px-common
怎	U+600E	8372	ビ	1	150	60	164	74	no	ark-12px-common
如	U+5982	8373	ピ	1	165	60	179	74	no	ark-12px-common
惊	U+60CA	8375	ブ	1	195	60	209	74	no	ark-12px-common
洞	U+6D1E	8376	プ	1	210	60	224	74	no	ark-12px-common
耗	U+8017	8377	ヘ	1	225	60	239	74	no	ark-12px-common
弃	U+5F03	8378	ベ	1	240	60	254	74	no	ark-12px-common
于	U+4E8E	837A	ホ	1	15	75	29	89	no	ark-12px-common
盛	U+76DB	837B	ボ	1	30	75	44	89	no	ark-12px-common
态	U+6001	837C	ポ	1	45	75	59	89	no	ark-12px-common
贯	U+8D2F	837D	マ	1	60	75	74	89	no	ark-12px-common
穿	U+7A7F	837E	ミ	1	75	75	89	89	no	ark-12px-common
牌	U+724C	8380	ム	1	90	75	104	89	no	ark-12px-common
层	U+5C42	8381	メ	1	105	75	119	89	no	ark-12px-common
往	U+5F80	8382	モ	1	120	75	134	89	no	ark-12px-common
狱	U+72F1	8383	ャ	1	135	75	149	89	no	ark-12px-common
甩	U+7529	8384	ヤ	1	150	75	164	89	no	ark-12px-common
股	U+80A1	8386	ユ	1	180	75	194	89	no	ark-12px-common
靠	U+9760	8387	ョ	1	195	75	209	89	no	ark-12px-zh_cn
蹈	U+8E48	8388	ヨ	1	210	75	224	89	no	ark-12px-common
饭	U+996D	8389	ラ	1	225	75	239	89	no	ark-12px-common
夺	U+593A	838A	リ	1	240	75	254	89	no	ark-12px-common
头	U+5934	838B	ル	1	0	90	14	104	no	ark-12px-common
扔	U+6254	838C	レ	1	15	90	29	104	no	ark-12px-common
脑	U+8111	838D	ロ	1	30	90	44	104	no	ark-12px-common
浸	U+6D78	838F	ワ	1	45	90	59	104	no	ark-12px-common
蹦	U+8E66	8392	ヲ	1	60	90	74	104	no	ark-12px-common
呵	U+5475	8393	ン	1	75	90	89	104	no	ark-12px-common
 	U+0020	8395	ヵ	1	105	90	119	104	no	ark-12px-common
艰	U+8270	8396	ヶ	1	120	90	134	104	no	ark-12px-common
且	U+4E14	83BF	α	1	135	90	149	104	no	ark-12px-common
遍	U+904D	83C0	β	1	150	90	164	104	no	ark-12px-common
五	U+4E94	83C3	ε	1	165	90	179	104	no	ark-12px-common
实	U+5B9E	83C4	ζ	1	180	90	194	104	no	ark-12px-common
赢	U+8D62	83C7	ι	1	195	90	209	104	no	ark-12px-common
胜	U+80DC	83CC	ξ	1	210	90	224	104	no	ark-12px-common
战	U+6218	83D6	ω	1	225	90	239	104	no	ark-12px-common
扯	U+626F	8444	Д	1	240	90	254	104	no	ark-12px-common
噢	U+5662	8448	З	1	0	105	14	119	no	ark-12px-common
决	U+51B3	845E	Э	1	15	105	29	119	no	ark-12px-common
银	U+94F6	8474	д	1	30	105	44	119	no	ark-12px-common
甜	U+751C	8478	з	1	45	105	59	119	no	ark-12px-common
圈	U+5708	848F	э	1	60	105	74	119	no	ark-12px-common
虚	U+865A	849F	─	1	75	105	89	119	no	ark-12px-common
耍	U+800D	84AA	━	1	90	105	104	119	no	ark-12px-common
转	U+8F6C	84AE	┛	1	105	105	119	119	no	ark-12px-common
攒	U+6512	8756		1	120	105	134	119	no	ark-12px-common
终	U+7EC8	875B		1	135	105	149	119	no	ark-12px-common
叽	U+53FD	88A2	阿	1	150	105	164	119	no	ark-12px-common
睹	U+7779	88A4	愛	1	165	105	179	119	no	ark-12px-common
遭	U+906D	88AB	悪	1	180	105	194	119	no	ark-12px-common
畏	U+754F	88B3	圧	1	195	105	209	119	no	ark-12px-common
惧	U+60E7	88B5	扱	1	210	105	224	119	no	ark-12px-common
妈	U+5988	88C4	案	1	0	120	14	134	no	ark-12px-common
随	U+968F	88CD	囲	1	60	120	74	134	no	ark-12px-common
彻	U+5F7B	88D7	為	1	120	120	134	134	no	ark-12px-common
灭	U+706D	88D9	異	1	135	120	149	134	no	ark-12px-common
岁	U+5C81	88E1	違	1	180	120	194	134	no	ark-12px-common
但	U+4F46	88E2	遺	1	195	120	209	134	no	ark-12px-common
刻	U+523B	88E3	医	1	210	120	224	134	no	ark-12px-common
嫉	U+5AC9	88E4	井	1	225	120	239	134	no	ark-12px-common
卡	U+5361	88E6	域	1	240	120	254	134	no	ark-12px-common
啰	U+5570	88EE	稲	1	30	135	44	149	no	ark-12px-common
罗	U+7F57	88F5	員	1	60	135	74	149	no	ark-12px-common
班	U+73ED	88F9	飲	1	90	135	104	149	no	fusion-12px-zh_hans
尽	U+5C3D	8942	隠	1	105	135	119	149	no	ark-12px-common
嗦	U+55E6	8949	迂	1	150	135	164	149	no	ark-12px-common
拖	U+62D6	8950	臼	1	165	135	179	149	no	fusion-12px-zh_hans
弹	U+5F39	8952	嘘	1	180	135	194	149	no	ark-12px-common
喽	U+55BD	8959	浦	1	195	135	209	149	no	ark-12px-common
拔	U+62D4	895C	噂	1	210	135	224	149	no	ark-12px-zh_cn
呢	U+5462	895E	運	1	225	135	239	149	no	ark-12px-common
护	U+62A4	8966	映	1	0	150	14	164	no	ark-12px-common
妒	U+5992	8968	栄	1	15	150	29	164	no	ark-12px-common
拜	U+62DC	8973	鋭	1	60	150	74	164	no	ark-12px-common
托	U+6258	8974	液	1	75	150	89	164	no	ark-12px-common
帮	U+5E2E	897E	円	1	105	150	119	164	no	ark-12px-common
忙	U+5FD9	8980	園	1	120	150	134	164	no	ark-12px-common
嘛	U+561B	898C	煙	1	165	150	179	164	no	ark-12px-common
较	U+8F83	898E	猿	1	180	150	194	164	no	ark-12px-common
见	U+89C1	8993	遠	1	195	150	209	164	no	ark-12px-common
哟	U+54DF	8998	汚	1	210	150	224	164	no	ark-12px-common
轻	U+8F7B	899E	応	1	225	150	239	164	no	ark-12px-common
玩	U+73A9	899F	押	1	240	150	254	164	no	ark-12px-common
既	U+65E2	89A1	横	1	0	165	14	179	no	fusion-12px-zh_hans
爷	U+7237	89AD	億	1	30	165	44	179	no	ark-12px-common
盯	U+76EF	89AF	憶	1	60	165	74	179	no	ark-12px-common
别	U+522B	89B3	乙	1	75	165	89	179	no	ark-12px-common
拿	U+62FF	89B4	俺	1	90	165	104	179	no	ark-12px-common
拙	U+62D9	89B9	音	1	120	165	134	179	no	ark-12px-common
办	U+529E	89BC	仮	1	165	165	179	179	no	ark-12px-common
请	U+8BF7	89BF	価	1	195	165	209	179	no	ark-12px-common
附	U+9644	89C5	嫁	1	240	165	254	179	no	ark-12px-common
极	U+6781	89C9	暇	1	30	180	44	194	no	ark-12px-common
乐	U+4E50	89CC	歌	1	60	180	74	194	no	ark-12px-common
红	U+7EA2	89D5	苛	1	105	180	119	194	no	ark-12px-common
至	U+81F3	89D7	荷	1	120	180	134	194	no	ark-12px-common
缝	U+7F1D	89D9	菓	1	135	180	149	194	no	ark-12px-common
延	U+5EF6	89DB	課	1	150	180	164	194	no	ark-12px-common
拉	U+62C9	89DF	過	1	165	180	179	194	no	ark-12px-common
爽	U+723D	89EE	介	1	225	180	239	194	no	ark-12px-common
酸	U+9178	89F3	壊	1	30	195	44	209	no	fusion-12px-zh_hans
赛	U+8D5B	89F9	懐	1	90	195	104	209	no	ark-12px-common
亚	U+4E9A	89FA	戒	1	105	195	119	209	no	ark-12px-common
众	U+4F17	8A46	皆	1	165	195	179	209	no	ark-12px-common
狠	U+72E0	8A47	絵	1	180	195	194	209	no	ark-12px-common
洗	U+6D17	8A4A	開	1	195	195	209	209	no	ark-12px-common
握	U+63E1	8A4B	階	1	210	195	224	209	no	ark-12px-common
耻	U+803B	8A67	拡	1	45	210	59	224	no	ark-12px-zh_cn
过	U+8FC7	8A6D	確	1	90	210	104	224	no	ark-12px-common
联	U+8054	8A6F	覚	1	105	210	119	224	no	ark-12px-zh_cn
应	U+5E94	8A72	較	1	135	210	149	224	no	ark-12px-common
础	U+7840	8A79	楽	1	165	210	179	224	no	ark-12px-common
擅	U+64C5	8A7A	額	1	180	210	194	224	no	ark-12px-common
啧	U+5567	8A7C	掛	1	195	210	209	224	no	ark-12px-common
暂	U+6682	8A84	割	1	210	210	224	224	no	ark-12px-common
径	U+5F84	8AA8	勘	1	0	225	14	239	no	ark-12px-common
咕	U+5495	8AA9	勧	1	15	225	29	239	no	ark-12px-common
寻	U+5BFB	8AAA	巻	1	30	225	44	239	no	ark-12px-common
沙	U+6C99	8AAB	喚	1	45	225	59	239	no	ark-12px-common
鲁	U+9C81	8AAD	姦	1	60	225	74	239	no	ark-12px-common
弗	U+5F17	8AB2	幹	1	90	225	104	239	no	ark-12px-common
萨	U+8428	8AB7	換	1	120	225	134	239	no	ark-12px-common
屏	U+5C4F	8ABF	漢	1	135	225	149	239	no	ark-12px-common
瘪	U+762A	8AC4	監	1	165	225	179	239	no	ark-12px-common
蛮	U+86EE	8AC8	簡	1	195	225	209	239	no	fusion-12px-zh_hans
咱	U+54B1	8ACC	肝	1	210	225	224	239	no	ark-12px-common
讲	U+8BB2	8ACF	観	1	225	225	239	239	no	ark-12px-common
听	U+542C	8AD1	貫	1	240	225	254	239	no	ark-12px-common
统	U+7EDF	8AD4	間	1	0	240	14	254	no	ark-12px-common
厌	U+538C	8AD5	閑	1	15	240	29	254	no	ark-12px-common
烦	U+70E6	8AD6	関	1	30	240	44	254	no	ark-12px-common
甚	U+751A	8ADB	丸	1	45	240	59	254	no	ark-12px-common
灯	U+706F	8AE7	顔	1	105	240	119	254	no	ark-12px-common
敌	U+654C	8AE8	願	1	120	240	134	254	no	ark-12px-common
刁	U+5201	8AF0	嬉	1	210	240	224	254	no	ark-12px-common
呃	U+5443	8AF1	寄	1	225	240	239	254	no	ark-12px-common
聊	U+804A	8AF2	岐	1	240	240	254	254	no	ark-12px-common
挥	U+6325	8B40	機	2	30	0	44	14	no	ark-12px-common
泡	U+6CE1	8B41	帰	2	45	0	59	14	no	ark-12px-common
举	U+4E3E	8B43	気	2	60	0	74	14	no	ark-12px-common
射	U+5C04	8B46	祈	2	75	0	89	14	no	ark-12px-common
门	U+95E8	8B47	季	2	90	0	104	14	no	ark-12px-common
黑	U+9ED1	8B4B	規	2	105	0	119	14	no	ark-12px-common
剑	U+5251	8B4C	記	2	120	0	134	14	no	ark-12px-common
斩	U+65A9	8B4D	貴	2	135	0	149	14	no	ark-12px-common
帅	U+5E05	8B50	輝	2	165	0	179	14	no	ark-12px-common
九	U+4E5D	8B55	偽	2	195	0	209	14	no	ark-12px-common
蛇	U+86C7	8B56	儀	2	210	0	224	14	no	ark-12px-common
侧	U+4FA7	8B5D	犠	2	0	15	14	29	no	ark-12px-common
虐	U+8650	8B60	義	2	30	15	44	29	no	ark-12px-common
灵	U+7075	8B63	議	2	45	15	59	29	no	ark-12px-zh_cn
留	U+7559	8B69	喫	2	75	15	89	29	no	ark-12px-common
悠	U+60A0	8B6C	詰	2	90	15	104	29	no	fusion-12px-zh_hans
闲	U+95F2	8B74	逆	2	135	15	149	29	no	ark-12px-common
莫	U+83AB	8B7B	宮	2	210	15	224	29	no	ark-12px-common
响	U+54CD	8B83	泣	2	15	30	29	44	no	ark-12px-common
逐	U+9010	8B87	窮	2	60	30	74	44	no	ark-12px-common
渐	U+6E10	8B89	級	2	75	30	89	44	no	ark-12px-common
份	U+4EFD	8B92	拠	2	135	30	149	44	no	ark-12px-common
枪	U+67AA	8B93	挙	2	150	30	164	44	no	ark-12px-common
凭	U+51ED	8B96	許	2	165	30	179	44	no	ark-12px-common
视	U+89C6	8B9B	魚	2	195	30	209	44	no	ark-12px-common
胁	U+80C1	8B9E	京	2	210	30	224	44	no	ark-12px-common
险	U+9669	8BA4	共	2	240	30	254	44	no	ark-12px-common
亲	U+4EB2	8BA6	協	2	15	45	29	59	no	ark-12px-zh_cn
调	U+8C03	8BAD	強	2	45	45	59	59	no	ark-12px-common
帕	U+5E15	8BB5	況	2	90	45	104	59	no	ark-12px-common
伽	U+4F3D	8BBA	脅	2	135	45	149	59	no	ark-12px-common
藏	U+85CF	8BBB	興	2	150	45	164	59	no	ark-12px-common
绝	U+7EDD	8BBD	郷	2	165	45	179	59	no	ark-12px-common
境	U+5883	8BBE	鏡	2	180	45	194	59	no	ark-12px-common
仇	U+4EC7	8BBF	響	2	195	45	209	59	no	ark-12px-common
传	U+4F20	8BC1	驚	2	210	45	224	59	no	ark-12px-common
诱	U+8BF1	8BC6	業	2	225	45	239	59	no	ark-12px-common
饵	U+9975	8BC8	曲	2	0	60	14	74	no	ark-12px-common
敢	U+6562	8BC9	極	2	15	60	29	74	no	ark-12px-zh_cn
骗	U+9A97	8BCA	玉	2	30	60	44	74	no	ark-12px-common
总	U+603B	8BCF	均	2	45	60	59	74	no	ark-12px-common
设	U+8BBE	8BD6	禁	2	60	60	74	74	no	ark-12px-common
陷	U+9677	8BD9	緊	2	75	60	89	74	no	ark-12px-common
阱	U+9631	8BE2	銀	2	120	60	134	74	no	ark-12px-common
撞	U+649E	8BE4	倶	2	135	60	149	74	no	ark-12px-common
简	U+7B80	8BEC	駆	2	195	60	209	74	no	ark-12px-common
辛	U+8F9B	8BF2	喰	2	240	60	254	74	no	ark-12px-common
该	U+8BE5	8BF8	串	2	15	75	29	89	no	ark-12px-common
清	U+6E05	8C45	窪	2	45	75	59	89	no	ark-12px-common
单	U+5355	8C4A	繰	2	60	75	74	89	no	ark-12px-common
颗	U+9897	8C4E	君	2	75	75	89	89	no	ark-12px-common
垃	U+5783	8C50	訓	2	90	75	104	89	no	ark-12px-common
圾	U+573E	8C52	軍	2	120	75	134	89	no	ark-12px-common
坟	U+575F	8C57	係	2	135	75	149	89	no	ark-12px-common
草	U+8349	8C59	刑	2	150	75	164	89	no	ark-12px-common
纵	U+7EB5	8C63	慶	2	225	75	239	89	no	fusion-12px-zh_hans
计	U+8BA1	8C65	憩	2	240	75	254	89	no	ark-12px-common
谋	U+8C0B	8C66	掲	2	0	90	14	104	no	ark-12px-common
败	U+8D25	8C67	携	2	15	90	29	104	no	ark-12px-common
兰	U+5170	8C69	景	2	45	90	59	104	no	ark-12px-common
诡	U+8BE1	8C6F	経	2	75	90	89	104	no	ark-12px-common
脚	U+811A	8C70	継	2	90	90	104	104	no	ark-12px-common
丹	U+4E39	8C76	計	2	105	90	119	104	no	ark-12px-common
莽	U+83BD	8C78	警	2	120	90	134	104	no	ark-12px-common
爸	U+7238	8C79	軽	2	135	90	149	104	no	ark-12px-common
晚	U+665A	8C82	撃	2	165	90	179	104	no	ark-12px-common
堵	U+5835	8C88	決	2	210	90	224	104	no	ark-12px-common
划	U+5212	8C8A	穴	2	225	90	239	104	no	ark-12px-common
马	U+9A6C	8C8B	結	2	240	90	254	104	no	ark-12px-common
闭	U+95ED	8C95	剣	2	60	105	74	119	no	ark-12px-common
旧	U+65E7	8C97	圏	2	75	105	89	119	no	ark-12px-common
嘴	U+5634	8C99	嫌	2	90	105	104	119	no	ark-12px-zh_cn
阵	U+9635	8C9B	憲	2	120	105	134	119	no	ark-12px-common
查	U+67E5	8C9F	検	2	150	105	164	119	no	ark-12px-common
漂	U+6F02	8CA0	権	2	165	105	179	119	no	ark-12px-common
亮	U+4EAE	8CA2	犬	2	180	105	194	119	no	ark-12px-zh_cn
其	U+5176	8CA7	県	2	210	105	224	119	no	ark-12px-common
淡	U+6DE1	8CA9	見	2	240	105	254	119	no	ark-12px-common
结	U+7ED3	8CAF	険	2	0	120	14	134	no	ark-12px-common
懒	U+61D2	8CB1	験	2	15	120	29	134	no	ark-12px-common
剩	U+5269	8CB5	厳	2	60	120	74	134	no	ark-12px-common
几	U+51E0	8CB8	減	2	75	120	89	134	no	ark-12px-common
锻	U+953B	8CBB	現	2	90	120	104	134	no	ark-12px-common
累	U+7D2F	8CC2	個	2	135	120	149	134	no	ark-12px-common
赘	U+8D58	8CC5	固	2	180	120	194	134	no	fusion-12px-zh_hans
虽	U+867D	8CC9	庫	2	225	120	239	134	no	ark-12px-common
证	U+8BC1	8CD6	誇	2	0	135	14	149	no	ark-12px-common
怜	U+601C	8CDF	午	2	30	135	44	149	no	ark-12px-zh_cn
卷	U+5377	8CE3	後	2	45	135	59	149	no	ark-12px-common
乘	U+4E58	8CEA	語	2	90	135	104	149	no	ark-12px-common
泊	U+6CCA	8CEB	誤	2	105	135	119	149	no	ark-12px-common
牺	U+727A	8CEC	護	2	120	135	134	149	no	ark-12px-common
拯	U+62EF	8CEE	乞	2	135	135	149	149	no	ark-12px-common
墙	U+5899	8CF8	効	2	225	135	239	149	no	ark-12px-common
坠	U+5760	8D4C	広	2	60	150	74	164	no	ark-12px-common
游	U+6E38	8D5A	校	2	150	150	164	164	no	ark-12px-common
胎	U+80CE	8D5C	構	2	165	150	179	164	no	ark-12px-common
～	U+FF5E	8D65	稿	2	195	150	209	164	no	ark-12px-common
咦	U+54A6	8D7C	鋼	2	0	165	14	179	no	ark-12px-common
边	U+8FB9	8D80	項	2	30	165	44	179	no	ark-12px-common
长	U+957F	8D81	香	2	45	165	59	179	no	ark-12px-common
诉	U+8BC9	8D95	黒	2	165	165	179	179	no	ark-12px-common
琪	U+742A	8D96	獄	2	180	165	194	179	no	ark-12px-common
丽	U+4E3D	8D9E	込	2	210	165	224	179	no	ark-12px-common
术	U+672F	8DA0	頃	2	225	165	239	179	no	ark-12px-common
训	U+8BAD	8DB6	左	2	75	180	89	194	no	ark-12px-common
哥	U+54E5	8DB8	査	2	105	180	119	194	no	ark-12px-common
标	U+6807	8DBD	鎖	2	120	180	134	194	no	ark-12px-common
逼	U+903C	8DC1	挫	2	150	180	164	194	no	ark-12px-common
补	U+8865	8DC3	催	2	165	180	179	194	no	ark-12px-common
掌	U+638C	8DC7	塞	2	210	180	224	194	no	ark-12px-common
权	U+6743	8DCE	歳	2	240	180	254	194	no	ark-12px-common
兹	U+5179	8DCF	済	2	0	195	14	209	no	ark-12px-common
雷	U+96F7	8DD7	細	2	30	195	44	209	no	ark-12px-common
废	U+5E9F	8DD8	菜	2	45	195	59	209	no	ark-12px-common
乎	U+4E4E	8DD9	裁	2	60	195	74	209	no	ark-12px-common
减	U+51CF	8DDA	載	2	75	195	89	209	no	ark-12px-common
须	U+987B	8DDB	際	2	90	195	104	209	no	ark-12px-common
稳	U+7A33	8DDF	罪	2	135	195	149	209	no	ark-12px-zh_cn
源	U+6E90	8DE3	阪	2	150	195	164	209	no	ark-12px-common
趁	U+8D81	8DE9	埼	2	165	195	179	209	no	ark-12px-common
欣	U+6B23	8DF0	昨	2	210	195	224	209	no	ark-12px-common
机	U+673A	8DF4	策	2	225	195	239	209	no	ark-12px-common
肆	U+8086	8DFB	冊	2	0	210	14	224	no	ark-12px-common
蓄	U+84C4	8E44	札	2	45	210	59	224	no	ark-12px-common
孙	U+5B59	8E45	殺	2	60	210	74	224	no	ark-12px-common
陪	U+966A	8E47	雑	2	75	210	89	224	no	ark-12px-common
染	U+67D3	8E49	鯖	2	90	210	104	224	no	ark-12px-common
撼	U+64BC	8E4D	皿	2	105	210	119	224	no	fusion-12px-zh_hans
场	U+573A	8E4E	晒	2	120	210	134	224	no	ark-12px-common
产	U+4EA7	8E59	産	2	210	210	224	224	no	ark-12px-common
忆	U+5FC6	8E5E	賛	2	240	210	254	224	no	ark-12px-common
捡	U+6361	8E61	斬	2	0	225	14	239	no	ark-12px-common
麻	U+9EBB	8E64	仕	2	30	225	44	239	no	ark-12px-common
泽	U+6CFD	8E69	司	2	60	225	74	239	no	ark-12px-common
尼	U+5C3C	8E6F	姉	2	120	225	134	239	no	ark-12px-common
丧	U+4E27	8E74	師	2	180	225	194	239	no	ark-12px-common
奖	U+5956	8E85	糸	2	45	240	59	254	no	fusion-12px-zh_hans
关	U+5173	8E86	紙	2	60	240	74	254	no	ark-12px-common
碍	U+788D	8E8B	視	2	75	240	89	254	no	ark-12px-common
厉	U+5389	8E8C	詞	2	90	240	104	254	no	ark-12px-common
识	U+8BC6	8E8D	詩	2	105	240	119	254	no	ark-12px-common
称	U+79F0	8E8E	試	2	120	240	134	254	no	ark-12px-zh_cn
媒	U+5A92	8E91	資	2	135	240	149	254	no	ark-12px-common
锦	U+9526	8E95	歯	2	150	240	164	254	no	ark-12px-common
冠	U+51A0	8E99	児	2	195	240	209	254	no	ark-12px-common
雅	U+96C5	8E9E	時	2	240	240	254	254	no	ark-12px-common
确	U+786E	8EAD	鹿	3	90	0	104	14	no	ark-12px-zh_cn
林	U+6797	8EAF	識	3	120	0	134	14	no	ark-12px-common
瘦	U+7626	8EB7	執	3	150	0	164	14	no	ark-12px-common
骤	U+9AA4	8EBA	室	3	180	0	194	14	no	fusion-12px-zh_hans
疾	U+75BE	8EBF	質	3	195	0	209	14	no	ark-12px-common
智	U+667A	8EC0	実	3	210	0	224	14	no	ark-12px-common
挡	U+6321	8EC5	芝	3	225	0	239	14	no	ark-12px-common
认	U+8BA4	8EC9	舎	3	240	0	254	14	no	ark-12px-common
拼	U+62FC	8ECA	写	3	0	15	14	29	no	ark-12px-common
叛	U+53DB	8ECC	捨	3	15	15	29	29	no	ark-12px-common
唤	U+5524	8ECD	赦	3	30	15	44	29	no	ark-12px-common
抬	U+62AC	8ED0	社	3	45	15	59	29	no	ark-12px-common
偶	U+5076	8ED3	謝	3	75	15	89	29	no	ark-12px-common
尔	U+5C14	8ED4	車	3	90	15	104	29	no	ark-12px-zh_cn
仍	U+4ECD	8EED	種	3	225	15	239	29	no	ark-12px-common
龟	U+9F9F	8EF0	酒	3	240	15	254	29	no	ark-12px-common
臂	U+81C2	8EF4	呪	3	30	30	44	44	no	ark-12px-common
惜	U+60DC	8EF5	寿	3	45	30	59	44	no	ark-12px-common
轰	U+8F70	8EFB	収	3	60	30	74	44	no	ark-12px-common
浆	U+6D46	8F48	秋	3	120	30	134	44	no	fusion-12px-zh_hans
谨	U+8C28	8F49	終	3	135	30	149	44	no	ark-12px-common
遵	U+9075	8F4B	習	3	150	30	164	44	no	ark-12px-common
遇	U+9047	8F50	襲	3	180	30	194	44	no	ark-12px-common
遥	U+9065	8F51	讐	3	195	30	209	44	no	fusion-12px-zh_hans
值	U+503C	8F54	週	3	210	30	224	44	no	ark-12px-common
博	U+535A	8F5D	従	3	15	45	29	59	no	ark-12px-common
电	U+7535	8F60	汁	3	30	45	44	59	no	ark-12px-common
继	U+7EE7	8F65	銃	3	60	45	74	59	no	ark-12px-common
续	U+7EED	8F68	宿	3	75	45	89	59	no	ark-12px-common
创	U+521B	8F6B	縮	3	90	45	104	59	no	ark-12px-common
尚	U+5C1A	8F6D	塾	3	105	45	119	59	no	ark-12px-common
细	U+7EC6	8F70	術	3	150	45	164	59	no	ark-12px-common
华	U+534E	8F80	準	3	195	45	209	59	no	ark-12px-common
难	U+96BE	8F82	盾	3	210	45	224	59	no	ark-12px-common
况	U+51B5	8F83	純	3	225	45	239	59	no	ark-12px-common
毒	U+6BD2	8F87	順	3	240	45	254	59	no	ark-12px-common
挠	U+6320	8F88	処	3	0	60	14	74	no	ark-12px-common
阳	U+9633	8F8B	暑	3	45	60	59	74	no	ark-12px-common
袭	U+88AD	8F8F	緒	3	60	60	74	74	no	ark-12px-common
类	U+7C7B	8F90	署	3	75	60	89	74	no	ark-12px-common
纪	U+7EAA	8F91	書	3	90	60	104	74	no	ark-12px-common
顾	U+987E	8F99	徐	3	135	60	149	74	no	ark-12px-common
诞	U+8BDE	8F9D	傷	3	165	60	179	74	no	ark-12px-common
愿	U+613F	8F9F	勝	3	180	60	194	74	no	ark-12px-common
谓	U+8C13	8FB0	床	3	15	75	29	89	no	ark-12px-common
轮	U+8F6E	8FBB	晶	3	60	75	74	89	no	ark-12px-common
渴	U+6E34	8FC4	焼	3	105	75	119	89	no	ark-12px-common
缩	U+7F29	8FD0	紹	3	165	75	179	89	no	ark-12px-common
劳	U+52B3	8FD5	衝	3	180	75	194	89	no	ark-12px-common
闪	U+95EA	8FD8	証	3	195	75	209	89	no	ark-12px-common
势	U+52BF	8FDA	詳	3	210	75	224	89	no	fusion-12px-zh_hans
热	U+70ED	8FDC	賞	3	240	75	254	89	no	fusion-12px-zh_hans
胶	U+80F6	8FE4	丈	3	30	90	44	104	no	ark-12px-common
囊	U+56CA	8FE6	乗	3	45	90	59	104	no	ark-12px-common
或	U+6216	8FE7	冗	3	60	90	74	104	no	ark-12px-common
优	U+4F18	8FE8	剰	3	75	90	89	104	no	ark-12px-common
悦	U+60A6	8FEA	場	3	90	90	104	104	no	ark-12px-common
戏	U+620F	8FFC	飾	3	165	90	179	104	no	ark-12px-common
问	U+95EE	9041	植	3	180	90	194	104	no	ark-12px-common
傲	U+50B2	9044	織	3	195	90	209	104	no	ark-12px-common
擂	U+64C2	9051	寝	3	60	105	74	119	no	ark-12px-common
题	U+9898	9052	審	3	75	105	89	119	no	ark-12px-common
试	U+8BD5	9057	晋	3	135	105	149	119	no	ark-12px-common
罩	U+7F69	905C	申	3	165	105	179	119	no	ark-12px-common
炼	U+70BC	9061	紳	3	210	105	224	119	no	ark-12px-common
准	U+51C6	9065	親	3	225	105	239	119	no	ark-12px-common
备	U+5907	9069	進	3	0	120	14	134	no	ark-12px-common
违	U+8FDD	906A	針	3	15	120	29	134	no	ark-12px-common
享	U+4EAB	9071	尋	3	60	120	74	134	no	ark-12px-common
趣	U+8DA3	9077	陣	3	75	120	89	134	no	ark-12px-common
磋	U+78CB	907B	須	3	90	120	104	134	no	ark-12px-zh_cn
运	U+8FD0	907D	図	3	105	120	119	134	no	ark-12px-common
帷	U+5E37	907E	厨	3	120	120	134	134	no	ark-12px-common
髓	U+9AD3	9082	垂	3	150	120	164	134	no	ark-12px-common
输	U+8F93	9084	推	3	165	120	179	134	no	ark-12px-common
误	U+8BEF	9091	髄	3	210	120	224	134	no	ark-12px-common
仅	U+4EC5	9095	枢	3	240	120	254	134	no	ark-12px-common
妄	U+5984	90A1	寸	3	0	135	14	149	no	ark-12px-common
喊	U+558A	90A8	勢	3	45	135	59	149	no	ark-12px-common
夸	U+5938	90BB	製	3	240	135	254	149	no	ark-12px-common
词	U+8BCD	90CC	昔	3	90	150	104	164	no	ark-12px-common
尸	U+5C38	90CD	析	3	105	150	119	164	no	ark-12px-common
笨	U+7B28	90CF	積	3	135	150	149	164	no	ark-12px-common
蛋	U+86CB	90D1	績	3	150	150	164	164	no	ark-12px-common
因	U+56E0	90D3	責	3	165	150	179	164	no	ark-12px-common
压	U+538B	90D5	跡	3	195	150	209	164	no	ark-12px-common
呕	U+5455	90DC	折	3	240	150	254	164	no	ark-12px-common
饶	U+9976	90DD	設	3	0	165	14	179	no	ark-12px-common
恕	U+6055	90DF	節	3	15	165	29	179	no	ark-12px-common
堆	U+5806	90E0	説	3	30	165	44	179	no	ark-12px-common
严	U+4E25	90E2	絶	3	60	165	74	179	no	ark-12px-common
阶	U+9636	90EA	専	3	150	165	164	179	no	ark-12px-common
东	U+4E1C	90EC	川	3	165	165	179	179	no	ark-12px-common
义	U+4E49	90ED	戦	3	180	165	194	179	no	ark-12px-common
遗	U+9057	90FC	線	3	210	165	224	179	no	ark-12px-common
牵	U+7275	9140	繊	3	225	165	239	179	no	ark-12px-common
憾	U+61BE	9146	詮	3	0	180	14	194	no	fusion-12px-zh_hans
逞	U+901E	9148	践	3	15	180	29	194	no	ark-12px-common
吼	U+543C	9149	選	3	30	180	44	194	no	ark-12px-common
免	U+514D	914D	閃	3	45	180	59	194	no	ark-12px-common
孩	U+5B69	914E	鮮	3	60	180	74	194	no	ark-12px-common
愉	U+6109	9156	膳	3	135	180	149	194	no	ark-12px-common
啪	U+556A	915F	狙	3	150	180	164	194	no	fusion-12px-zh_hans
嘉	U+5609	9162	礎	3	165	180	179	194	no	ark-12px-common
雄	U+96C4	9166	素	3	180	180	194	194	no	ark-12px-common
宾	U+5BBE	9167	組	3	195	180	209	194	no	ark-12px-common
牢	U+7262	9168	蘇	3	210	180	224	194	no	ark-12px-common
亏	U+4E8F	916E	創	3	240	180	254	194	no	ark-12px-common
充	U+5145	9171	倉	3	15	195	29	209	no	ark-12px-common
满	U+6EE1	9177	層	3	45	195	59	209	no	ark-12px-common
羞	U+7F9E	917C	掃	3	75	195	89	209	no	ark-12px-zh_cn
概	U+6982	918D	総	3	150	195	164	209	no	fusion-12px-zh_hans
节	U+8282	919B	騒	3	210	195	224	209	no	ark-12px-common
报	U+62A5	919D	増	3	240	195	254	209	no	ark-12px-common
构	U+6784	919E	憎	3	0	210	14	224	no	ark-12px-common
辽	U+8FBD	919F	臓	3	15	210	29	224	no	ark-12px-common
阔	U+9614	91A4	側	3	45	210	59	224	no	ark-12px-common
毕	U+6BD5	91AA	測	3	105	210	119	224	no	ark-12px-common
损	U+635F	91B1	続	3	180	210	194	224	no	ark-12px-common
维	U+7EF4	91B7	孫	3	210	210	224	224	no	ark-12px-common
扎	U+624E	91B9	損	3	240	210	254	224	no	ark-12px-common
葬	U+846C	91BA	村	3	0	225	14	239	no	ark-12px-common
阴	U+9634	91CA	駄	3	75	225	89	239	no	ark-12px-common
厚	U+539A	91CE	対	3	105	225	119	239	no	ark-12px-common
迅	U+8FC5	91D1	帯	3	135	225	149	239	no	ark-12px-common
排	U+6392	91D4	態	3	165	225	179	239	no	ark-12px-zh_cn
谈	U+8C08	91DD	貸	3	195	225	209	239	no	ark-12px-common
耀	U+8000	91DF	逮	3	225	225	239	239	no	ark-12px-common
悬	U+60AC	91E0	隊	3	240	225	254	239	no	ark-12px-common
脉	U+8109	91E8	題	3	60	240	74	254	no	ark-12px-common
戴	U+6234	91F0	択	3	90	240	104	254	no	ark-12px-common
坡	U+5761	91F2	沢	3	105	240	119	254	no	ark-12px-common
环	U+73AF	9240	叩	3	120	240	134	254	no	ark-12px-common
允	U+5141	9242	達	3	135	240	149	254	no	ark-12px-common
软	U+8F6F	924E	誰	3	180	240	194	254	no	ark-12px-common
污	U+6C61	9250	単	3	195	240	209	254	no	ark-12px-common
只	U+53EA	925A	短	4	0	0	14	14	no	font-baseline
尘	U+5C18	9261	誕	4	30	0	44	14	no	ark-12px-common
价	U+4EF7	9262	鍛	4	45	0	59	14	no	ark-12px-common
埃	U+57C3	9263	団	4	60	0	74	14	no	ark-12px-common
执	U+6267	9265	弾	4	75	0	89	14	no	fusion-12px-zh_hans
勿	U+52FF	926B	談	4	135	0	149	14	no	ark-12px-common
军	U+519B	926C	値	4	150	0	164	14	no	ark-12px-common
溃	U+6E83	9270	恥	4	195	0	209	14	no	ark-12px-common
盖	U+76D6	9273	痴	4	210	0	224	14	no	ark-12px-common
吞	U+541E	9277	蜘	4	0	15	14	29	no	ark-12px-common
噬	U+566C	9278	遅	4	15	15	29	29	no	ark-12px-common
猴	U+7334	927A	築	4	30	15	44	29	no	ark-12px-common
汽	U+6C7D	9287	仲	4	90	15	104	29	no	ark-12px-common
躯	U+8EAF	928B	昼	4	120	15	134	29	no	ark-12px-common
淘	U+6DD8	9296	猪	4	165	15	179	29	no	ark-12px-common
汰	U+6C70	9298	著	4	180	15	194	29	no	ark-12px-common
坚	U+575A	92A1	庁	4	195	15	209	29	no	ark-12px-common
衡	U+8861	92A3	張	4	210	15	224	29	no	ark-12px-common
逛	U+901B	92A6	懲	4	225	15	239	29	no	ark-12px-common
项	U+9879	92AA	潮	4	15	30	29	44	no	ark-12px-common
刮	U+522E	92AC	町	4	30	30	44	44	no	ark-12px-common
营	U+8425	92AE	聴	4	45	30	59	44	no	ark-12px-common
顿	U+987F	92B2	調	4	60	30	74	44	no	ark-12px-common
监	U+76D1	92B7	長	4	90	30	104	44	no	ark-12px-common
隙	U+9699	92B9	鳥	4	105	30	119	44	no	fusion-12px-zh_hans
车	U+8F66	92CB	塚	4	195	30	209	44	no	ark-12px-common
练	U+7EC3	92DE	釣	4	210	30	224	44	no	ark-12px-common
蒙	U+8499	92E1	低	4	225	30	239	44	no	ark-12px-common
绽	U+7EFD	9345	摘	4	105	45	119	59	no	ark-12px-common
议	U+8BAE	9347	敵	4	120	45	134	59	no	ark-12px-common
冰	U+51B0	934B	適	4	150	45	164	59	no	ark-12px-common
冻	U+51BB	934F	徹	4	165	45	179	59	no	ark-12px-common
风	U+98CE	9353	鉄	4	195	45	209	59	no	ark-12px-common
揍	U+63CD	9358	店	4	240	45	254	59	no	ark-12px-common
逾	U+903E	935C	貼	4	0	60	14	74	no	fusion-12px-zh_hans
曾	U+66FE	935D	転	4	15	60	29	74	no	ark-12px-common
卫	U+536B	9360	伝	4	45	60	59	74	no	ark-12px-common
喝	U+559D	9363	田	4	75	60	89	74	no	ark-12px-common
彩	U+5F69	936B	徒	4	120	60	134	74	no	ark-12px-common
稀	U+7A00	936E	渡	4	135	60	149	74	no	ark-12px-common
尝	U+5C1D	9379	土	4	225	60	239	74	no	ark-12px-common
模	U+6A21	937A	奴	4	240	60	254	74	no	ark-12px-common
烂	U+70C2	9386	宕	4	60	75	74	89	no	ark-12px-common
虑	U+8651	9387	島	4	75	75	89	89	no	ark-12px-common
楚	U+695A	938C	東	4	120	75	134	89	no	ark-12px-common
航	U+822A	9390	盗	4	135	75	149	89	no	ark-12px-common
龙	U+9F99	939D	統	4	195	75	209	89	no	ark-12px-common
珠	U+73E0	93A2	討	4	225	75	239	89	no	ark-12px-common
蛾	U+86FE	93AA	頭	4	30	90	44	104	no	ark-12px-common
专	U+4E13	93AC	闘	4	45	90	59	104	no	ark-12px-common
扑	U+6251	93AD	働	4	60	90	74	104	no	ark-12px-common
杂	U+6742	93AE	動	4	75	90	89	104	no	ark-12px-common
鱼	U+9C7C	93B1	導	4	120	90	134	104	no	ark-12px-common
痕	U+75D5	93C7	読	4	195	90	209	104	no	ark-12px-common
循	U+5FAA	93CA	凸	4	210	90	224	104	no	ark-12px-common
绕	U+7ED5	93D8	豚	4	0	105	14	119	no	ark-12px-common
雨	U+96E8	93DE	奈	4	15	105	29	119	no	ark-12px-common
齐	U+9F50	93E4	謎	4	45	105	59	119	no	ark-12px-common
纽	U+7EBD	93EF	難	4	60	105	74	119	no	ark-12px-common
资	U+8D44	9446	認	4	150	105	164	119	no	ark-12px-common
惦	U+60E6	944C	猫	4	165	105	179	119	no	ark-12px-common
库	U+5E93	9459	悩	4	225	105	239	119	no	ark-12px-common
姆	U+59C6	945A	濃	4	240	105	254	119	no	ark-12px-common
幽	U+5E7D	945B	納	4	0	120	14	134	no	ark-12px-common
适	U+9002	945D	脳	4	30	120	44	134	no	ark-12px-common
懂	U+61C2	946E	馬	4	90	120	104	134	no	ark-12px-common
谎	U+8C0E	9470	廃	4	105	120	119	134	no	ark-12px-common
谱	U+8C31	9473	敗	4	120	120	134	134	no	ark-12px-common
耶	U+8036	9474	杯	4	135	120	149	134	no	ark-12px-zh_cn
哒	U+54D2	9479	輩	4	165	120	179	134	no	ark-12px-common
陨	U+9668	9483	買	4	210	120	224	134	no	ark-12px-common
浑	U+6D51	9484	売	4	225	120	239	134	no	ark-12px-common
饰	U+9970	9499	漠	4	15	135	29	149	no	ark-12px-common
质	U+8D28	94AD	発	4	60	135	74	149	no	ark-12px-common
站	U+7AD9	94AF	髪	4	75	135	89	149	no	ark-12px-common
骑	U+9A91	94B1	罰	4	90	135	104	149	no	ark-12px-common
吵	U+5435	94B2	抜	4	105	135	119	149	no	ark-12px-common
员	U+5458	94BB	判	4	120	135	134	149	no	ark-12px-common
养	U+517B	94C0	搬	4	165	135	179	149	no	ark-12px-common
杜	U+675C	94C2	板	4	180	135	194	149	no	ark-12px-common
顶	U+9876	94C6	犯	4	210	135	224	149	no	ark-12px-common
奉	U+5949	94CC	販	4	240	135	254	149	no	ark-12px-common
启	U+542F	94CD	範	4	0	150	14	164	no	ark-12px-common
测	U+6D4B	94D1	飯	4	15	150	29	164	no	ark-12px-common
砸	U+7838	94D4	番	4	30	150	44	164	no	ark-12px-common
砰	U+7830	94DE	彼	4	45	150	59	164	no	ark-12px-common
若	U+82E5	94E0	扉	4	75	150	89	164	no	ark-12px-common
咚	U+549A	94EF	費	4	150	150	164	164	no	ark-12px-common
焰	U+7130	94F2	飛	4	180	150	194	164	no	ark-12px-common
慈	U+6148	94F5	備	4	195	150	209	164	no	fusion-12px-zh_hans
责	U+8D23	94F6	尾	4	210	150	224	164	no	ark-12px-common
德	U+5FB7	9541	柊	4	0	165	14	179	no	ark-12px-common
据	U+636E	9543	匹	4	15	165	29	179	no	ark-12px-common
弧	U+5F27	9553	百	4	45	165	59	179	no	ark-12px-common
效	U+6548	9557	標	4	60	165	74	179	no	ark-12px-common
朋	U+670B	9558	氷	4	75	165	89	179	no	ark-12px-common
积	U+79EF	955B	票	4	90	165	104	179	no	ark-12px-common
聚	U+805A	9560	描	4	120	165	134	179	no	fusion-12px-zh_hans
账	U+8D26	9562	秒	4	150	165	164	179	no	ark-12px-common
乡	U+4E61	9571	敏	4	180	165	194	179	no	ark-12px-common
伴	U+4F34	9577	婦	4	240	165	254	179	no	ark-12px-common
恼	U+607C	9578	富	4	0	180	14	194	no	ark-12px-common
迫	U+8FEB	957E	敷	4	45	180	59	194	no	ark-12px-common
换	U+6362	9582	浮	4	75	180	89	194	no	ark-12px-common
噗	U+5657	9589	負	4	105	180	119	194	no	ark-12px-common
归	U+5F52	958E	侮	4	120	180	134	194	no	ark-12px-common
每	U+6BCF	9597	風	4	195	180	209	194	no	ark-12px-common
恢	U+6062	959C	復	4	240	180	254	194	no	ark-12px-common
爪	U+722A	95A0	腹	4	30	195	44	209	no	ark-12px-common
骸	U+9AB8	95A1	複	4	45	195	59	209	no	ark-12px-common
抢	U+62A2	95A5	払	4	60	195	74	209	no	ark-12px-common
邸	U+90B8	95A7	仏	4	75	195	89	209	no	ark-12px-zh_cn
崭	U+5D2D	95B1	奮	4	120	195	134	209	no	ark-12px-common
驶	U+9A76	95B3	糞	4	135	195	149	209	no	ark-12px-common
遏	U+904F	95B5	雰	4	150	195	164	209	no	ark-12px-common
跃	U+8DC3	95B6	文	4	165	195	179	209	no	ark-12px-common
颤	U+98A4	95B7	聞	4	180	195	194	209	no	ark-12px-common
园	U+56ED	95C0	並	4	225	195	239	209	no	ark-12px-common
抖	U+6296	95C2	閉	4	240	195	254	209	no	ark-12px-common
嚯	U+56AF	95C4	米	4	0	210	14	224	no	ark-12px-common
糕	U+7CD5	95CA	別	4	30	210	44	224	no	ark-12px-common
噩	U+5669	95CF	変	4	60	210	74	224	no	ark-12px-common
梦	U+68A6	95D2	編	4	90	210	104	224	no	ark-12px-common
咒	U+5492	95D3	辺	4	105	210	119	224	no	ark-12px-common
企	U+4F01	95D9	弁	4	165	210	179	224	no	ark-12px-common
语	U+8BED	95E0	歩	4	210	210	224	224	no	ark-12px-common
图	U+56FE	95E2	補	4	225	210	239	224	no	ark-12px-common
她	U+5979	95E5	募	4	240	210	254	224	no	ark-12px-common
销	U+9500	95E9	暮	4	15	225	29	239	no	ark-12px-common
匿	U+533F	95F0	呆	4	60	225	74	239	no	ark-12px-common
恨	U+6068	95F1	報	4	75	225	89	239	no	ark-12px-common
锁	U+9501	9643	砲	4	165	225	179	239	no	ark-12px-common
跨	U+8DE8	964B	訪	4	195	225	209	239	no	ark-12px-common
绩	U+7EE9	964C	豊	4	210	225	224	239	no	ark-12px-common
垒	U+5792	964F	飽	4	225	225	239	239	no	ark-12px-common
哭	U+54ED	9654	傍	4	0	240	14	254	no	ark-12px-common
旁	U+65C1	9656	坊	4	15	240	29	254	no	ark-12px-common
赖	U+8D56	965B	房	4	60	240	74	254	no	ark-12px-common
坐	U+5750	9664	謀	4	150	240	164	254	no	ark-12px-common
玛	U+739B	966C	僕	4	195	240	209	254	no	ark-12px-common
慌	U+614C	966F	撲	4	210	240	224	254	no	ark-12px-common
滚	U+6EDA	967C	翻	5	15	0	29	14	no	fusion-12px-zh_hans
获	U+83B7	967E	盆	5	30	0	44	14	no	ark-12px-common
找	U+627E	9686	昧	5	90	0	104	14	no	font-baseline
疏	U+758F	9688	毎	5	120	0	134	14	no	ark-12px-common
丢	U+4E22	9695	抹	5	165	0	179	14	no	ark-12px-common
顺	U+987A	969E	満	5	225	0	239	14	no	ark-12px-common
恶	U+6076	96A3	魅	5	15	15	29	29	no	ark-12px-common
贝	U+8D1D	96AF	民	5	45	15	59	29	no	font-baseline
塔	U+5854	96B1	務	5	75	15	89	29	no	font-baseline
习	U+4E60	96B2	夢	5	90	15	104	29	no	ark-12px-common
蒂	U+8482	96B3	無	5	105	15	119	29	no	ark-12px-common
，	U+FF0C	96B5	矛	5	120	15	134	29	yes	font-baseline
姐	U+59D0	96BA	娘	5	135	15	149	29	no	ark-12px-common
呱	U+5471	96C0	迷	5	195	15	209	29	no	ark-12px-common
导	U+5BFC	96C2	鳴	5	210	15	224	29	no	ark-12px-common
蛙	U+86D9	96C5	滅	5	225	15	239	29	no	ark-12px-common
伙	U+4F19	96D1	毛	5	0	30	14	44	no	font-baseline
惯	U+60EF	96D9	黙	5	45	30	59	44	no	ark-12px-common
踪	U+8E2A	96DF	戻	5	75	30	89	44	no	ark-12px-common
们	U+4EEC	96E1	貰	5	90	30	104	44	no	font-baseline
怀	U+6000	96E2	問	5	105	30	119	44	no	ark-12px-common
连	U+8FDE	96E5	門	5	120	30	134	44	no	font-baseline
负	U+8D1F	96EE	矢	5	165	30	179	44	no	font-baseline
预	U+9884	96F0	役	5	180	30	194	44	no	ark-12px-common
线	U+7EBF	96F1	約	5	195	30	209	44	no	ark-12px-common
患	U+60A3	96F2	薬	5	210	30	224	44	no	ark-12px-common
伤	U+4F24	96F3	訳	5	225	30	239	44	no	font-baseline
洛	U+6D1B	96F4	躍	5	240	30	254	44	no	ark-12px-common
谜	U+8C1C	9744	優	5	15	45	29	59	no	ark-12px-common
怨	U+6028	9754	裕	5	90	45	104	59	no	ark-12px-common
饺	U+997A	9755	誘	5	105	45	119	59	no	ark-12px-common
忍	U+5FCD	9756	遊	5	120	45	134	59	no	ark-12px-common
拆	U+62C6	975C	予	5	150	45	164	59	no	ark-12px-common
载	U+8F7D	9764	妖	5	195	45	209	59	no	ark-12px-common
拥	U+62E5	9767	揚	5	225	45	239	59	no	font-baseline
怕	U+6015	9768	揺	5	240	45	254	59	no	font-baseline
强	U+5F3A	976A	曜	5	0	60	14	74	no	font-baseline
掷	U+63B7	976C	様	5	15	60	29	74	no	ark-12px-common
气	U+6C14	976E	溶	5	30	60	44	74	no	font-baseline
爱	U+7231	9774	葉	5	60	60	74	74	no	ark-12px-common
历	U+5386	977A	陽	5	90	60	104	74	no	ark-12px-common
犹	U+72B9	977B	養	5	105	60	119	74	no	ark-12px-common
豫	U+8C6B	977D	抑	5	120	60	134	74	no	ark-12px-common
抓	U+6293	9782	翌	5	150	60	164	74	no	ark-12px-common
种	U+79CD	9787	裸	5	165	60	179	74	no	font-baseline
秃	U+79C3	978A	頼	5	195	60	209	74	no	ark-12px-common
肮	U+80AE	978D	絡	5	210	60	224	74	no	ark-12px-common
钧	U+94A7	9792	嵐	5	0	75	14	89	no	ark-12px-common
炮	U+70AE	97A0	裏	5	45	75	59	89	no	ark-12px-common
是	U+662F	97A3	離	5	60	75	74	89	no	font-baseline
毁	U+6BC1	97A5	律	5	75	75	89	89	no	font-baseline
掉	U+6389	97A6	率	5	90	75	104	89	no	font-baseline
两	U+4E24	97AD	溜	5	150	75	164	89	no	font-baseline
际	U+9645	97B4	龍	5	165	75	179	89	no	ark-12px-common
圆	U+5706	97B6	慮	5	180	75	194	89	no	ark-12px-common
协	U+534F	97BC	両	5	225	75	239	89	no	ark-12px-common
吓	U+5413	97C7	良	5	0	90	14	104	no	ark-12px-common
升	U+5347	97D7	隣	5	45	90	59	104	no	font-baseline
跳	U+8DF3	97DE	類	5	60	90	74	104	no	ark-12px-common
姑	U+59D1	97E1	例	5	90	90	104	104	no	ark-12px-common
缎	U+7F0E	97F0	歴	5	135	90	149	104	no	ark-12px-common
吗	U+5417	97F1	列	5	150	90	164	104	no	font-baseline
脏	U+810F	97FB	練	5	225	90	239	104	no	ark-12px-common
仑	U+4ED1	9841	連	5	240	90	254	104	no	ark-12px-common
衰	U+8870	984A	労	5	30	105	44	119	no	ark-12px-common
棘	U+68D8	9852	漏	5	75	105	89	119	no	font-baseline
也	U+4E5F	985E	録	5	150	105	164	119	no	font-baseline
铁	U+94C1	9862	話	5	180	105	194	119	no	ark-12px-common
弥	U+5F25	9866	惑	5	195	105	209	119	no	ark-12px-zh_cn
开	U+5F00	986D	藁	5	210	105	224	119	no	font-baseline
净	U+51C0	9872	腕	5	225	105	239	119	no	ark-12px-common
发	U+53D1	98A4	丶	5	240	105	254	119	no	font-baseline
巴	U+5DF4	9AD0	墟	5	0	120	14	134	no	ark-12px-common
需	U+9700	9AF8	奢	5	15	120	29	134	no	font-baseline
插	U+63D2	9BB3	峙	5	30	120	44	134	no	ark-12px-common
时	U+65F6	9CE0	憫	5	60	120	74	134	no	font-baseline
间	U+95F4	9E42	曖	5	75	120	89	134	no	font-baseline
你	U+4F60	E0CE	猥	5	90	120	104	134	no	font-baseline
斗	U+6597	E472	舐	5	135	120	149	134	no	font-baseline
把	U+628A	E581	蛛	5	150	120	164	134	no	font-baseline
什	U+4EC0	E5F6	褻	5	165	120	179	134	no	font-baseline
么	U+4E48	E690	謳	5	180	120	194	134	no	font-baseline
级	U+7EA7	E6D2	贅	5	195	120	209	134	no	font-baseline
师	U+5E08	E888	闊	5	210	120	224	134	no	ark-12px-common
药	U+836F	E94C	餃	5	240	120	254	134	no	fusion-12px-zh_hans
兴	U+5174	E951	餡	5	0	135	14	149	no	font-baseline
奋	U+594B	E981	驕	5	15	135	29	149	no	font-baseline
