priority	code_hex	native_character	page	x0	y0	x1	y1	used_in_original_jp_scripts	status	warning
9999	0021	!	0	0	0	8	14	yes	used_original_script	
9999	0022	""""	0	9	0	17	14	no	reserved	
9999	0023	#	0	18	0	26	14	no	reserved	
9999	0024	$	0	27	0	35	14	no	reserved	
9999	0025	%	0	36	0	44	14	no	reserved	
9999	0026	&	0	45	0	53	14	no	reserved	
9999	0027	'	0	54	0	62	14	no	reserved	
9999	0028	(	0	63	0	71	14	yes	used_original_script	
9999	0029	)	0	72	0	80	14	yes	used_original_script	
9999	002A	*	0	81	0	89	14	no	reserved	
9999	002B	+	0	90	0	98	14	no	reserved	
9999	002C	,	0	99	0	107	14	no	reserved	
9999	002D	-	0	108	0	116	14	no	reserved	
9999	002E	.	0	117	0	125	14	yes	used_original_script	
9999	002F	/	0	126	0	134	14	no	reserved	
9999	0030	0	0	135	0	143	14	no	reserved	
9999	0031	1	0	144	0	152	14	no	reserved	
9999	0032	2	0	153	0	161	14	no	reserved	
9999	0033	3	0	162	0	170	14	no	reserved	
9999	0034	4	0	171	0	179	14	no	reserved	
9999	0035	5	0	180	0	188	14	no	reserved	
9999	0036	6	0	189	0	197	14	no	reserved	
9999	0037	7	0	198	0	206	14	no	reserved	
9999	0038	8	0	207	0	215	14	no	reserved	
9999	0039	9	0	216	0	224	14	no	reserved	
9999	003A	:	0	225	0	233	14	no	reserved	
9999	003B	;	0	234	0	242	14	no	reserved	
9999	003C	<	0	243	0	251	14	no	reserved	
9999	003D	=	0	0	15	8	29	no	reserved	
9999	003E	>	0	9	15	17	29	no	reserved	
9999	003F	?	0	18	15	26	29	yes	used_original_script	
9999	0040	@	0	27	15	35	29	no	reserved	
9999	0041	A	0	36	15	44	29	no	reserved	
9999	0042	B	0	45	15	53	29	no	reserved	
9999	0043	C	0	54	15	62	29	no	reserved	
9999	0044	D	0	63	15	71	29	no	reserved	
9999	0045	E	0	72	15	80	29	no	reserved	
9999	0046	F	0	81	15	89	29	no	reserved	
9999	0047	G	0	90	15	98	29	no	reserved	
9999	0048	H	0	99	15	107	29	no	reserved	
9999	0049	I	0	108	15	116	29	no	reserved	
9999	004A	J	0	117	15	125	29	no	reserved	
9999	004B	K	0	126	15	134	29	no	reserved	
9999	004C	L	0	135	15	143	29	no	reserved	
9999	004D	M	0	144	15	152	29	no	reserved	
9999	004E	N	0	153	15	161	29	no	reserved	
9999	004F	O	0	162	15	170	29	no	reserved	
9999	0050	P	0	171	15	179	29	no	reserved	
9999	0051	Q	0	180	15	188	29	no	reserved	
9999	0052	R	0	189	15	197	29	no	reserved	
9999	0053	S	0	198	15	206	29	no	reserved	
9999	0054	T	0	207	15	215	29	no	reserved	
9999	0055	U	0	216	15	224	29	no	reserved	
9999	0056	V	0	225	15	233	29	no	reserved	
9999	0057	W	0	234	15	242	29	no	reserved	
9999	0058	X	0	243	15	251	29	no	reserved	
9999	0059	Y	0	0	30	8	44	no	reserved	
9999	005A	Z	0	9	30	17	44	no	reserved	
9999	005B	[	0	18	30	26	44	no	reserved	
9999	005C	\	0	27	30	35	44	yes	used_original_script	
9999	005D	]	0	36	30	44	44	no	reserved	
9999	005E	^	0	45	30	53	44	no	reserved	
9999	005F	_	0	54	30	62	44	no	reserved	
9999	0060	`	0	63	30	71	44	no	reserved	
9999	0061	a	0	72	30	80	44	no	reserved	
9999	0062	b	0	81	30	89	44	no	reserved	
9999	0063	c	0	90	30	98	44	no	reserved	
9999	0064	d	0	99	30	107	44	no	reserved	
9999	0065	e	0	108	30	116	44	no	reserved	
9999	0066	f	0	117	30	125	44	no	reserved	
9999	0067	g	0	126	30	134	44	no	reserved	
9999	0068	h	0	135	30	143	44	no	reserved	
9999	0069	i	0	144	30	152	44	no	reserved	
9999	006A	j	0	153	30	161	44	no	reserved	
9999	006B	k	0	162	30	170	44	no	reserved	
9999	006C	l	0	171	30	179	44	no	reserved	
9999	006D	m	0	180	30	188	44	no	reserved	
9999	006E	n	0	189	30	197	44	yes	used_original_script	
9999	006F	o	0	198	30	206	44	no	reserved	
9999	0070	p	0	207	30	215	44	no	reserved	
9999	0071	q	0	216	30	224	44	no	reserved	
9999	0072	r	0	225	30	233	44	no	reserved	
9999	0073	s	0	234	30	242	44	no	reserved	
9999	0074	t	0	243	30	251	44	no	reserved	
9999	0075	u	0	0	45	8	59	no	reserved	
9999	0076	v	0	9	45	17	59	no	reserved	
9999	0077	w	0	18	45	26	59	no	reserved	
9999	0078	x	0	27	45	35	59	no	reserved	
9999	0079	y	0	36	45	44	59	no	reserved	
9999	007A	z	0	45	45	53	59	no	reserved	
9999	007B	{	0	54	45	62	59	no	reserved	
9999	007C	|	0	63	45	71	59	no	reserved	
9999	007D	}	0	72	45	80	59	no	reserved	
9999	007E	~	0	81	45	89	59	no	reserved	
9999	00A1	｡	0	90	45	98	59	no	reserved	
9999	00A4	､	0	99	45	107	59	no	reserved	
9999	00A5	･	0	108	45	116	59	yes	used_original_script	
9999	00A6	ｦ	0	117	45	125	59	no	reserved	
9999	00A7	ｧ	0	126	45	134	59	no	reserved	
9999	00AC	ｬ	0	135	45	143	59	no	reserved	
9999	00AD	ｭ	0	144	45	152	59	no	reserved	
9999	00AE	ｮ	0	153	45	161	59	no	reserved	
9999	00AF	ｯ	0	162	45	170	59	no	reserved	
9999	00B0	ｰ	0	171	45	179	59	no	reserved	
9999	00B1	ｱ	0	180	45	188	59	no	reserved	
9999	00B2	ｲ	0	189	45	197	59	no	reserved	
9999	00B3	ｳ	0	198	45	206	59	no	reserved	
9999	00B4	ｴ	0	207	45	215	59	no	reserved	
9999	00B5	ｵ	0	216	45	224	59	no	reserved	
9999	00B6	ｶ	0	225	45	233	59	no	reserved	
9999	00B7	ｷ	0	234	45	242	59	no	reserved	
9999	00B8	ｸ	0	243	45	251	59	no	reserved	
9999	00B9	ｹ	0	0	60	8	74	no	reserved	
9999	00BA	ｺ	0	9	60	17	74	no	reserved	
9999	00BB	ｻ	0	18	60	26	74	no	reserved	
9999	00BC	ｼ	0	27	60	35	74	no	reserved	
9999	00BD	ｽ	0	36	60	44	74	no	reserved	
9999	00BE	ｾ	0	45	60	53	74	no	reserved	
9999	00BF	ｿ	0	54	60	62	74	no	reserved	
9999	00C0	ﾀ	0	63	60	71	74	no	reserved	
9999	00C1	ﾁ	0	72	60	80	74	no	reserved	
9999	00C2	ﾂ	0	81	60	89	74	no	reserved	
9999	00C3	ﾃ	0	90	60	98	74	no	reserved	
9999	00C4	ﾄ	0	99	60	107	74	no	reserved	
9999	00C5	ﾅ	0	108	60	116	74	no	reserved	
9999	00C6	ﾆ	0	117	60	125	74	no	reserved	
9999	00C7	ﾇ	0	126	60	134	74	no	reserved	
9999	00C8	ﾈ	0	135	60	143	74	no	reserved	
9999	00C9	ﾉ	0	144	60	152	74	no	reserved	
9999	00CA	ﾊ	0	153	60	161	74	no	reserved	
9999	00CB	ﾋ	0	162	60	170	74	no	reserved	
9999	00CC	ﾌ	0	171	60	179	74	no	reserved	
9999	00CD	ﾍ	0	180	60	188	74	no	reserved	
9999	00CE	ﾎ	0	189	60	197	74	no	reserved	
9999	00CF	ﾏ	0	198	60	206	74	no	reserved	
9999	00D0	ﾐ	0	207	60	215	74	no	reserved	
9999	00D1	ﾑ	0	216	60	224	74	no	reserved	
9999	00D2	ﾒ	0	225	60	233	74	no	reserved	
9999	00D3	ﾓ	0	234	60	242	74	no	reserved	
9999	00D4	ﾔ	0	243	60	251	74	no	reserved	
9999	00D5	ﾕ	0	0	75	8	89	no	reserved	
9999	00D6	ﾖ	0	9	75	17	89	no	reserved	
9999	00D7	ﾗ	0	18	75	26	89	no	reserved	
9999	00D8	ﾘ	0	27	75	35	89	no	reserved	
9999	00D9	ﾙ	0	36	75	44	89	no	reserved	
9999	00DA	ﾚ	0	45	75	53	89	no	reserved	
9999	00DB	ﾛ	0	54	75	62	89	no	reserved	
9999	00DC	ﾜ	0	63	75	71	89	no	reserved	
9999	00DD	ﾝ	0	72	75	80	89	no	reserved	
9999	00DE	ﾞ	0	81	75	89	89	no	reserved	
9999	00DF	ﾟ	0	90	75	98	89	no	reserved	
9999	8140	　	0	99	75	113	89	yes	used_original_script	
9999	8141	、	0	114	75	128	89	yes	used_original_script	
9999	8142	。	0	129	75	143	89	yes	used_original_script	
9999	8144	．	0	144	75	158	89	yes	used_original_script	
9999	8145	・	0	159	75	173	89	yes	used_original_script	
9999	8146	：	0	174	75	188	89	no	reserved	
9999	8147	；	0	189	75	203	89	no	reserved	
9999	8148	？	0	204	75	218	89	yes	used_original_script	
9999	8149	！	0	219	75	233	89	yes	used_original_script	
9999	814B	゜	0	234	75	248	89	no	reserved	
9999	814C	´	0	0	90	14	104	no	reserved	
9999	814D	｀	0	15	90	29	104	no	reserved	
9999	814F	＾	0	30	90	44	104	no	reserved	
9999	8150	￣	0	45	90	59	104	no	reserved	
9999	8151	＿	0	60	90	74	104	no	reserved	
9999	8152	ヽ	0	75	90	89	104	no	reserved	
9999	8154	ゝ	0	90	90	104	104	no	reserved	
9999	8158	々	0	105	90	119	104	yes	used_original_script	
9999	815B	ー	0	120	90	134	104	yes	used_original_script	
9999	815C	―	0	135	90	149	104	no	reserved	
9999	815E	／	0	150	90	164	104	no	reserved	
9999	815F	＼	0	165	90	179	104	no	reserved	
9999	8160	〜	0	180	90	194	104	yes	used_original_script	
9999	8161	‖	0	195	90	209	104	no	reserved	
9999	8162	｜	0	210	90	224	104	no	reserved	
9999	8163	…	0	225	90	239	104	yes	used_original_script	
9999	8165	‘	0	240	90	254	104	no	reserved	
9999	8166	’	0	0	105	14	119	no	reserved	
9999	8168	”	0	15	105	29	119	no	reserved	
9999	8169	（	0	30	105	44	119	yes	used_original_script	
9999	816A	）	0	45	105	59	119	yes	used_original_script	
9999	816F	｛	0	60	105	74	119	no	reserved	
9999	8170	｝	0	75	105	89	119	no	reserved	
9999	8173	《	0	90	105	104	119	no	reserved	
9999	8174	》	0	105	105	119	119	no	reserved	
9999	8175	「	0	120	105	134	119	yes	used_original_script	
9999	8176	」	0	135	105	149	119	yes	used_original_script	
9999	8177	『	0	150	105	164	119	yes	used_original_script	
9999	8178	』	0	165	105	179	119	yes	used_original_script	
9999	8179	【	0	180	105	194	119	no	reserved	
9999	817A	】	0	195	105	209	119	no	reserved	
9999	817B	＋	0	210	105	224	119	yes	used_original_script	
9999	817C	−	0	225	105	239	119	no	reserved	
9999	817E	×	0	240	105	254	119	no	reserved	
9999	8180	÷	0	0	120	14	134	no	reserved	
9999	8181	＝	0	15	120	29	134	no	reserved	
9999	8182	≠	0	30	120	44	134	no	reserved	
9999	8183	＜	0	45	120	59	134	no	reserved	
9999	8184	＞	0	60	120	74	134	no	reserved	
9999	8186	≧	0	75	120	89	134	no	reserved	
9999	8187	∞	0	90	120	104	134	no	reserved	
9999	818F	￥	0	105	120	119	134	no	reserved	
9999	8190	＄	0	120	120	134	134	no	reserved	
9999	8192	£	0	135	120	149	134	no	reserved	
9999	8193	％	0	150	120	164	134	yes	used_original_script	
9999	8194	＃	0	165	120	179	134	no	reserved	
9999	8195	＆	0	180	120	194	134	yes	used_original_script	
9999	8196	＊	0	195	120	209	134	no	reserved	
9999	8197	＠	0	210	120	224	134	no	reserved	
9999	8199	☆	0	225	120	239	134	no	reserved	
9999	819A	★	0	240	120	254	134	no	reserved	
9999	819B	○	0	0	135	14	149	no	reserved	
9999	819C	●	0	15	135	29	149	no	reserved	
9999	819E	◇	0	30	135	44	149	no	reserved	
9999	819F	◆	0	45	135	59	149	no	reserved	
9999	81A1	■	0	60	135	74	149	no	reserved	
9999	81A6	※	0	75	135	89	149	no	reserved	
9999	81A8	→	0	90	135	104	149	no	reserved	
9999	81A9	←	0	105	135	119	149	no	reserved	
9999	81AA	↑	0	120	135	134	149	no	reserved	
9999	81AB	↓	0	135	135	149	149	no	reserved	
9999	81B9	∋	0	150	135	164	149	no	reserved	
9999	81BC	⊂	0	165	135	179	149	no	reserved	
9999	81BE	∪	0	180	135	194	149	no	reserved	
9999	81C9	∨	0	195	135	209	149	no	reserved	
9999	81CD	∀	0	210	135	224	149	no	reserved	
9999	81DA	∠	0	225	135	239	149	no	reserved	
9999	81DC	⌒	0	240	135	254	149	no	reserved	
9999	81DF	≡	0	0	150	14	164	no	reserved	
9999	81E0	≒	0	15	150	29	164	no	reserved	
9999	81E2	≫	0	30	150	44	164	no	reserved	
9999	81E3	√	0	45	150	59	164	no	reserved	
9999	81F4	♪	0	60	150	74	164	no	reserved	
9999	824F	０	0	75	150	89	164	yes	used_original_script	
9999	8250	１	0	90	150	104	164	yes	used_original_script	
9999	8251	２	0	105	150	119	164	yes	used_original_script	
9999	8252	３	0	120	150	134	164	yes	used_original_script	
9999	8253	４	0	135	150	149	164	no	reserved	
9999	8254	５	0	150	150	164	164	yes	used_original_script	
9999	8255	６	0	165	150	179	164	yes	used_original_script	
9999	8256	７	0	180	150	194	164	yes	used_original_script	
9999	8257	８	0	195	150	209	164	yes	used_original_script	
9999	8258	９	0	210	150	224	164	no	reserved	
9999	8260	Ａ	0	225	150	239	164	yes	used_original_script	
9999	8261	Ｂ	0	240	150	254	164	yes	used_original_script	
9999	8262	Ｃ	0	0	165	14	179	no	reserved	
9999	8263	Ｄ	0	15	165	29	179	yes	used_original_script	
9999	8264	Ｅ	0	30	165	44	179	no	reserved	
9999	8265	Ｆ	0	45	165	59	179	no	reserved	
9999	8266	Ｇ	0	60	165	74	179	yes	used_original_script	
9999	8267	Ｈ	0	75	165	89	179	no	reserved	
9999	8268	Ｉ	0	90	165	104	179	no	reserved	
9999	8269	Ｊ	0	105	165	119	179	no	reserved	
9999	826A	Ｋ	0	120	165	134	179	yes	used_original_script	
9999	826B	Ｌ	0	135	165	149	179	yes	used_original_script	
9999	826C	Ｍ	0	150	165	164	179	yes	used_original_script	
9999	826D	Ｎ	0	165	165	179	179	no	reserved	
9999	826E	Ｏ	0	180	165	194	179	no	reserved	
9999	826F	Ｐ	0	195	165	209	179	yes	used_original_script	
9999	8270	Ｑ	0	210	165	224	179	no	reserved	
9999	8271	Ｒ	0	225	165	239	179	yes	used_original_script	
9999	8272	Ｓ	0	240	165	254	179	yes	used_original_script	
9999	8273	Ｔ	0	0	180	14	194	yes	used_original_script	
9999	8274	Ｕ	0	15	180	29	194	no	reserved	
9999	8275	Ｖ	0	30	180	44	194	yes	used_original_script	
9999	8276	Ｗ	0	45	180	59	194	no	reserved	
9999	8277	Ｘ	0	60	180	74	194	yes	used_original_script	
9999	8278	Ｙ	0	75	180	89	194	yes	used_original_script	
9999	8279	Ｚ	0	90	180	104	194	no	reserved	
9999	8281	ａ	0	105	180	119	194	no	reserved	
9999	8282	ｂ	0	120	180	134	194	no	reserved	
9999	8283	ｃ	0	135	180	149	194	no	reserved	
9999	8284	ｄ	0	150	180	164	194	no	reserved	
9999	8285	ｅ	0	165	180	179	194	no	reserved	
9999	8286	ｆ	0	180	180	194	194	no	reserved	
9999	8287	ｇ	0	195	180	209	194	no	reserved	
9999	8288	ｈ	0	210	180	224	194	no	reserved	
9999	8289	ｉ	0	225	180	239	194	no	reserved	
9999	828A	ｊ	0	240	180	254	194	no	reserved	
9999	828B	ｋ	0	0	195	14	209	no	reserved	
9999	828C	ｌ	0	15	195	29	209	no	reserved	
9999	828D	ｍ	0	30	195	44	209	no	reserved	
9999	828E	ｎ	0	45	195	59	209	no	reserved	
9999	828F	ｏ	0	60	195	74	209	no	reserved	
9999	8290	ｐ	0	75	195	89	209	no	reserved	
9999	8291	ｑ	0	90	195	104	209	no	reserved	
9999	8292	ｒ	0	105	195	119	209	no	reserved	
9999	8293	ｓ	0	120	195	134	209	no	reserved	
9999	8294	ｔ	0	135	195	149	209	no	reserved	
9999	8295	ｕ	0	150	195	164	209	no	reserved	
9999	8296	ｖ	0	165	195	179	209	no	reserved	
9999	8297	ｗ	0	180	195	194	209	no	reserved	
9999	8298	ｘ	0	195	195	209	209	no	reserved	
9999	8299	ｙ	0	210	195	224	209	no	reserved	
9999	829A	ｚ	0	225	195	239	209	no	reserved	
9999	829F	ぁ	0	240	195	254	209	yes	used_original_script	
9999	82A0	あ	0	0	210	14	224	yes	used_original_script	
9999	82A1	ぃ	0	15	210	29	224	yes	used_original_script	
9999	82A2	い	0	30	210	44	224	yes	used_original_script	
9999	82A3	ぅ	0	45	210	59	224	yes	used_original_script	
9999	82A4	う	0	60	210	74	224	yes	used_original_script	
9999	82A5	ぇ	0	75	210	89	224	yes	used_original_script	
9999	82A6	え	0	90	210	104	224	yes	used_original_script	
9999	82A7	ぉ	0	105	210	119	224	yes	used_original_script	
9999	82A8	お	0	120	210	134	224	yes	used_original_script	
9999	82A9	か	0	135	210	149	224	yes	used_original_script	
9999	82AA	が	0	150	210	164	224	yes	used_original_script	
9999	82AB	き	0	165	210	179	224	yes	used_original_script	
9999	82AC	ぎ	0	180	210	194	224	yes	used_original_script	
9999	82AD	く	0	195	210	209	224	yes	used_original_script	
9999	82AE	ぐ	0	210	210	224	224	yes	used_original_script	
9999	82AF	け	0	225	210	239	224	yes	used_original_script	
9999	82B0	げ	0	240	210	254	224	yes	used_original_script	
9999	82B1	こ	0	0	225	14	239	yes	used_original_script	
9999	82B2	ご	0	15	225	29	239	yes	used_original_script	
9999	82B3	さ	0	30	225	44	239	yes	used_original_script	
9999	82B4	ざ	0	45	225	59	239	yes	used_original_script	
9999	82B5	し	0	60	225	74	239	yes	used_original_script	
9999	82B6	じ	0	75	225	89	239	yes	used_original_script	
9999	82B7	す	0	90	225	104	239	yes	used_original_script	
9999	82B8	ず	0	105	225	119	239	yes	used_original_script	
9999	82B9	せ	0	120	225	134	239	yes	used_original_script	
9999	82BA	ぜ	0	135	225	149	239	yes	used_original_script	
9999	82BB	そ	0	150	225	164	239	yes	used_original_script	
9999	82BC	ぞ	0	165	225	179	239	yes	used_original_script	
9999	82BD	た	0	180	225	194	239	yes	used_original_script	
9999	82BE	だ	0	195	225	209	239	yes	used_original_script	
9999	82BF	ち	0	210	225	224	239	yes	used_original_script	
9999	82C0	ぢ	0	225	225	239	239	yes	used_original_script	
9999	82C1	っ	0	240	225	254	239	yes	used_original_script	
9999	82C2	つ	0	0	240	14	254	yes	used_original_script	
9999	82C3	づ	0	15	240	29	254	yes	used_original_script	
9999	82C4	て	0	30	240	44	254	yes	used_original_script	
9999	82C5	で	0	45	240	59	254	yes	used_original_script	
9999	82C6	と	0	60	240	74	254	yes	used_original_script	
9999	82C7	ど	0	75	240	89	254	yes	used_original_script	
9999	82C8	な	0	90	240	104	254	yes	used_original_script	
9999	82C9	に	0	105	240	119	254	yes	used_original_script	
9999	82CA	ぬ	0	120	240	134	254	yes	used_original_script	
9999	82CB	ね	0	135	240	149	254	yes	used_original_script	
9999	82CC	の	0	150	240	164	254	yes	used_original_script	
9999	82CD	は	0	165	240	179	254	yes	used_original_script	
9999	82CE	ば	0	180	240	194	254	yes	used_original_script	
9999	82CF	ぱ	0	195	240	209	254	yes	used_original_script	
9999	82D0	ひ	0	210	240	224	254	yes	used_original_script	
9999	82D1	び	0	225	240	239	254	yes	used_original_script	
9999	82D2	ぴ	0	240	240	254	254	yes	used_original_script	
9999	82D3	ふ	1	0	0	14	14	yes	used_original_script	
9999	82D4	ぶ	1	15	0	29	14	yes	used_original_script	
9999	82D5	ぷ	1	30	0	44	14	yes	used_original_script	
9999	82D6	へ	1	45	0	59	14	yes	used_original_script	
9999	82D7	べ	1	60	0	74	14	yes	used_original_script	
9999	82D8	ぺ	1	75	0	89	14	yes	used_original_script	
9999	82D9	ほ	1	90	0	104	14	yes	used_original_script	
9999	82DA	ぼ	1	105	0	119	14	yes	used_original_script	
9999	82DB	ぽ	1	120	0	134	14	yes	used_original_script	
9999	82DC	ま	1	135	0	149	14	yes	used_original_script	
9999	82DD	み	1	150	0	164	14	yes	used_original_script	
9999	82DE	む	1	165	0	179	14	yes	used_original_script	
9999	82DF	め	1	180	0	194	14	yes	used_original_script	
9999	82E0	も	1	195	0	209	14	yes	used_original_script	
9999	82E1	ゃ	1	210	0	224	14	yes	used_original_script	
9999	82E2	や	1	225	0	239	14	yes	used_original_script	
9999	82E3	ゅ	1	240	0	254	14	yes	used_original_script	
9999	82E4	ゆ	1	0	15	14	29	yes	used_original_script	
9999	82E5	ょ	1	15	15	29	29	yes	used_original_script	
9999	82E6	よ	1	30	15	44	29	yes	used_original_script	
9999	82E7	ら	1	45	15	59	29	yes	used_original_script	
9999	82E8	り	1	60	15	74	29	yes	used_original_script	
9999	82E9	る	1	75	15	89	29	yes	used_original_script	
9999	82EA	れ	1	90	15	104	29	yes	used_original_script	
9999	82EB	ろ	1	105	15	119	29	yes	used_original_script	
9999	82ED	わ	1	120	15	134	29	yes	used_original_script	
9999	82F0	を	1	135	15	149	29	yes	used_original_script	
9999	82F1	ん	1	150	15	164	29	yes	used_original_script	
9999	8340	ァ	1	165	15	179	29	yes	used_original_script	
9999	8341	ア	1	180	15	194	29	yes	used_original_script	
9999	8342	ィ	1	195	15	209	29	yes	used_original_script	
9999	8343	イ	1	210	15	224	29	yes	used_original_script	
9999	8344	ゥ	1	225	15	239	29	yes	used_original_script	
9999	8345	ウ	1	240	15	254	29	yes	used_original_script	
9999	8346	ェ	1	0	30	14	44	yes	used_original_script	
9999	8347	エ	1	15	30	29	44	yes	used_original_script	
9999	8348	ォ	1	30	30	44	44	yes	used_original_script	
9999	8349	オ	1	45	30	59	44	yes	used_original_script	
9999	834A	カ	1	60	30	74	44	yes	used_original_script	
9999	834B	ガ	1	75	30	89	44	yes	used_original_script	
9999	834C	キ	1	90	30	104	44	yes	used_original_script	
9999	834D	ギ	1	105	30	119	44	yes	used_original_script	
9999	834E	ク	1	120	30	134	44	yes	used_original_script	
9999	834F	グ	1	135	30	149	44	yes	used_original_script	
9999	8350	ケ	1	150	30	164	44	yes	used_original_script	
9999	8351	ゲ	1	165	30	179	44	yes	used_original_script	
9999	8352	コ	1	180	30	194	44	yes	used_original_script	
9999	8353	ゴ	1	195	30	209	44	yes	used_original_script	
9999	8354	サ	1	210	30	224	44	yes	used_original_script	
9999	8355	ザ	1	225	30	239	44	yes	used_original_script	
9999	8356	シ	1	240	30	254	44	yes	used_original_script	
9999	8357	ジ	1	0	45	14	59	yes	used_original_script	
9999	8358	ス	1	15	45	29	59	yes	used_original_script	
9999	8359	ズ	1	30	45	44	59	yes	used_original_script	
9999	835A	セ	1	45	45	59	59	yes	used_original_script	
9999	835B	ゼ	1	60	45	74	59	yes	used_original_script	
9999	835C	ソ	1	75	45	89	59	yes	used_original_script	
9999	835D	ゾ	1	90	45	104	59	no	reserved	
9999	835E	タ	1	105	45	119	59	yes	used_original_script	
9999	835F	ダ	1	120	45	134	59	yes	used_original_script	
9999	8360	チ	1	135	45	149	59	yes	used_original_script	
9999	8361	ヂ	1	150	45	164	59	no	reserved	
9999	8362	ッ	1	165	45	179	59	yes	used_original_script	
9999	8363	ツ	1	180	45	194	59	yes	used_original_script	
9999	8364	ヅ	1	195	45	209	59	no	reserved	
9999	8365	テ	1	210	45	224	59	yes	used_original_script	
9999	8366	デ	1	225	45	239	59	yes	used_original_script	
9999	8367	ト	1	240	45	254	59	yes	used_original_script	
9999	8368	ド	1	0	60	14	74	yes	used_original_script	
9999	8369	ナ	1	15	60	29	74	yes	used_original_script	
9999	836A	ニ	1	30	60	44	74	yes	used_original_script	
9999	836B	ヌ	1	45	60	59	74	yes	used_original_script	
9999	836C	ネ	1	60	60	74	74	yes	used_original_script	
9999	836D	ノ	1	75	60	89	74	yes	used_original_script	
9999	836E	ハ	1	90	60	104	74	yes	used_original_script	
9999	836F	バ	1	105	60	119	74	yes	used_original_script	
9999	8370	パ	1	120	60	134	74	yes	used_original_script	
9999	8371	ヒ	1	135	60	149	74	yes	used_original_script	
9999	8372	ビ	1	150	60	164	74	yes	used_original_script	
9999	8373	ピ	1	165	60	179	74	yes	used_original_script	
9999	8374	フ	1	180	60	194	74	yes	used_original_script	
9999	8375	ブ	1	195	60	209	74	yes	used_original_script	
9999	8376	プ	1	210	60	224	74	yes	used_original_script	
9999	8377	ヘ	1	225	60	239	74	yes	used_original_script	
9999	8378	ベ	1	240	60	254	74	yes	used_original_script	
9999	8379	ペ	1	0	75	14	89	yes	used_original_script	
9999	837A	ホ	1	15	75	29	89	yes	used_original_script	
9999	837B	ボ	1	30	75	44	89	yes	used_original_script	
9999	837C	ポ	1	45	75	59	89	yes	used_original_script	
9999	837D	マ	1	60	75	74	89	yes	used_original_script	
9999	837E	ミ	1	75	75	89	89	yes	used_original_script	
9999	8380	ム	1	90	75	104	89	yes	used_original_script	
9999	8381	メ	1	105	75	119	89	yes	used_original_script	
9999	8382	モ	1	120	75	134	89	yes	used_original_script	
9999	8383	ャ	1	135	75	149	89	yes	used_original_script	
9999	8384	ヤ	1	150	75	164	89	yes	used_original_script	
9999	8385	ュ	1	165	75	179	89	yes	used_original_script	
9999	8386	ユ	1	180	75	194	89	no	reserved	
9999	8387	ョ	1	195	75	209	89	yes	used_original_script	
9999	8388	ヨ	1	210	75	224	89	no	reserved	
9999	8389	ラ	1	225	75	239	89	yes	used_original_script	
9999	838A	リ	1	240	75	254	89	yes	used_original_script	
9999	838B	ル	1	0	90	14	104	yes	used_original_script	
9999	838C	レ	1	15	90	29	104	yes	used_original_script	
9999	838D	ロ	1	30	90	44	104	yes	used_original_script	
9999	838F	ワ	1	45	90	59	104	yes	used_original_script	
9999	8392	ヲ	1	60	90	74	104	no	reserved	
9999	8393	ン	1	75	90	89	104	yes	used_original_script	
9999	8394	ヴ	1	90	90	104	104	no	reserved	
9999	8395	ヵ	1	105	90	119	104	yes	used_original_script	
9999	8396	ヶ	1	120	90	134	104	yes	used_original_script	
9999	83BF	α	1	135	90	149	104	no	reserved	
9999	83C0	β	1	150	90	164	104	no	reserved	
9999	83C3	ε	1	165	90	179	104	no	reserved	
9999	83C4	ζ	1	180	90	194	104	no	reserved	
9999	83C7	ι	1	195	90	209	104	no	reserved	
9999	83CC	ξ	1	210	90	224	104	no	reserved	
9999	83D6	ω	1	225	90	239	104	no	reserved	
9999	8444	Д	1	240	90	254	104	no	reserved	
9999	8448	З	1	0	105	14	119	no	reserved	
9999	845E	Э	1	15	105	29	119	no	reserved	
9999	8474	д	1	30	105	44	119	no	reserved	
9999	8478	з	1	45	105	59	119	no	reserved	
9999	848F	э	1	60	105	74	119	no	reserved	
9999	849F	─	1	75	105	89	119	no	reserved	
9999	84AA	━	1	90	105	104	119	no	reserved	
9999	84AE	┛	1	105	105	119	119	no	reserved	
9999	8756		1	120	105	134	119	no	reserved	
9999	875B		1	135	105	149	119	no	reserved	
9999	88A2	阿	1	150	105	164	119	no	reserved	
9999	88A4	愛	1	165	105	179	119	yes	used_original_script	
9999	88AB	悪	1	180	105	194	119	yes	used_original_script	
9999	88B3	圧	1	195	105	209	119	yes	used_original_script	
9999	88B5	扱	1	210	105	224	119	no	reserved	
9999	88C0	安	1	225	105	239	119	yes	used_original_script	
9999	88C3	暗	1	240	105	254	119	yes	used_original_script	
9999	88C4	案	1	0	120	14	134	yes	used_original_script	
9999	88C8	以	1	15	120	29	134	yes	used_original_script	
9999	88CA	位	1	30	120	44	134	yes	used_original_script	
9999	88CB	依	1	45	120	59	134	no	reserved	
9999	88CD	囲	1	60	120	74	134	yes	used_original_script	
9999	88D0	威	1	75	120	89	134	yes	used_original_script	
9999	88D3	意	1	90	120	104	134	yes	used_original_script	
9999	88D5	易	1	105	120	119	134	yes	used_original_script	
9999	88D7	為	1	120	120	134	134	no	reserved	
9999	88D9	異	1	135	120	149	134	yes	used_original_script	
9999	88DA	移	1	150	120	164	134	yes	used_original_script	
9999	88DF	衣	1	165	120	179	134	no	reserved	
9999	88E1	違	1	180	120	194	134	yes	used_original_script	
9999	88E2	遺	1	195	120	209	134	yes	used_original_script	
9999	88E3	医	1	210	120	224	134	no	reserved	
9999	88E4	井	1	225	120	239	134	no	reserved	
9999	88E6	域	1	240	120	254	134	yes	used_original_script	
9999	88E7	育	1	0	135	14	149	yes	used_original_script	
9999	88EA	一	1	15	135	29	149	yes	used_original_script	
9999	88EE	稲	1	30	135	44	149	no	reserved	
9999	88F3	印	1	45	135	59	149	no	reserved	
9999	88F5	員	1	60	135	74	149	yes	used_original_script	
9999	88F8	引	1	75	135	89	149	yes	used_original_script	
9999	88F9	飲	1	90	135	104	149	yes	used_original_script	
9999	8942	隠	1	105	135	119	149	yes	used_original_script	
9999	8945	右	1	120	135	134	149	yes	used_original_script	
9999	8946	宇	1	135	135	149	149	yes	used_original_script	
9999	8949	迂	1	150	135	164	149	no	reserved	
9999	8950	臼	1	165	135	179	149	no	reserved	
9999	8952	嘘	1	180	135	194	149	no	reserved	
9999	8959	浦	1	195	135	209	149	no	reserved	
9999	895C	噂	1	210	135	224	149	no	reserved	
9999	895E	運	1	225	135	239	149	yes	used_original_script	
9999	8965	影	1	240	135	254	149	yes	used_original_script	
9999	8966	映	1	0	150	14	164	no	reserved	
9999	8968	栄	1	15	150	29	164	yes	used_original_script	
9999	8969	永	1	30	150	44	164	yes	used_original_script	
9999	8970	英	1	45	150	59	164	no	reserved	
9999	8973	鋭	1	60	150	74	164	no	reserved	
9999	8974	液	1	75	150	89	164	no	reserved	
9999	897A	越	1	90	150	104	164	yes	used_original_script	
9999	897E	円	1	105	150	119	164	yes	used_original_script	
9999	8980	園	1	120	150	134	164	yes	used_original_script	
9999	8987	援	1	135	150	149	164	yes	used_original_script	
9999	8989	演	1	150	150	164	164	no	reserved	
9999	898C	煙	1	165	150	179	164	no	reserved	
9999	898E	猿	1	180	150	194	164	yes	used_original_script	
9999	8993	遠	1	195	150	209	164	yes	used_original_script	
9999	8998	汚	1	210	150	224	164	yes	used_original_script	
9999	899E	応	1	225	150	239	164	yes	used_original_script	
9999	899F	押	1	240	150	254	164	yes	used_original_script	
9999	89A1	横	1	0	165	14	179	yes	used_original_script	
9999	89A4	王	1	15	165	29	179	yes	used_original_script	
9999	89AD	億	1	30	165	44	179	no	reserved	
9999	89AE	屋	1	45	165	59	179	yes	used_original_script	
9999	89AF	憶	1	60	165	74	179	yes	used_original_script	
9999	89B3	乙	1	75	165	89	179	no	reserved	
9999	89B4	俺	1	90	165	104	179	yes	used_original_script	
9999	89B7	温	1	105	165	119	179	no	reserved	
9999	89B9	音	1	120	165	134	179	no	reserved	
9999	89BA	下	1	135	165	149	179	yes	used_original_script	
9999	89BB	化	1	150	165	164	179	yes	used_original_script	
9999	89BC	仮	1	165	165	179	179	no	reserved	
9999	89BD	何	1	180	165	194	179	yes	used_original_script	
9999	89BF	価	1	195	165	209	179	no	reserved	
9999	89C1	加	1	210	165	224	179	yes	used_original_script	
9999	89C2	可	1	225	165	239	179	yes	used_original_script	
9999	89C5	嫁	1	240	165	254	179	no	reserved	
9999	89C6	家	1	0	180	14	194	yes	used_original_script	
9999	89C8	科	1	15	180	29	194	yes	used_original_script	
9999	89C9	暇	1	30	180	44	194	no	reserved	
9999	89CA	果	1	45	180	59	194	yes	used_original_script	
9999	89CC	歌	1	60	180	74	194	no	reserved	
9999	89CD	河	1	75	180	89	194	yes	used_original_script	
9999	89CE	火	1	90	180	104	194	yes	used_original_script	
9999	89D5	苛	1	105	180	119	194	no	reserved	
9999	89D7	荷	1	120	180	134	194	no	reserved	
9999	89D9	菓	1	135	180	149	194	yes	used_original_script	
9999	89DB	課	1	150	180	164	194	no	reserved	
9999	89DF	過	1	165	180	179	194	yes	used_original_script	
9999	89E4	我	1	180	180	194	194	yes	used_original_script	
9999	89E5	牙	1	195	180	209	194	yes	used_original_script	
9999	89E6	画	1	210	180	224	194	yes	used_original_script	
9999	89EE	介	1	225	180	239	194	no	reserved	
9999	89EF	会	1	240	180	254	194	yes	used_original_script	
9999	89F0	解	1	0	195	14	209	yes	used_original_script	
9999	89F1	回	1	15	195	29	209	yes	used_original_script	
9999	89F3	壊	1	30	195	44	209	yes	used_original_script	
9999	89F5	快	1	45	195	59	209	no	reserved	
9999	89F6	怪	1	60	195	74	209	yes	used_original_script	
9999	89F7	悔	1	75	195	89	209	yes	used_original_script	
9999	89F9	懐	1	90	195	104	209	no	reserved	
9999	89FA	戒	1	105	195	119	209	no	reserved	
9999	89FC	改	1	120	195	134	209	yes	used_original_script	
9999	8A42	械	1	135	195	149	209	yes	used_original_script	
9999	8A45	界	1	150	195	164	209	yes	used_original_script	
9999	8A46	皆	1	165	195	179	209	no	reserved	
9999	8A47	絵	1	180	195	194	209	no	reserved	
9999	8A4A	開	1	195	195	209	209	yes	used_original_script	
9999	8A4B	階	1	210	195	224	209	yes	used_original_script	
9999	8A4F	外	1	225	195	239	209	yes	used_original_script	
9999	8A51	害	1	240	195	254	209	no	reserved	
9999	8A58	街	1	0	210	14	224	yes	used_original_script	
9999	8A5F	垣	1	15	210	29	224	no	reserved	
9999	8A65	各	1	30	210	44	224	no	reserved	
9999	8A67	拡	1	45	210	59	224	no	reserved	
9999	8A69	格	1	60	210	74	224	yes	used_original_script	
9999	8A6A	核	1	75	210	89	224	yes	used_original_script	
9999	8A6D	確	1	90	210	104	224	yes	used_original_script	
9999	8A6F	覚	1	105	210	119	224	yes	used_original_script	
9999	8A70	角	1	120	210	134	224	no	reserved	
9999	8A72	較	1	135	210	149	224	no	reserved	
9999	8A77	学	1	150	210	164	224	yes	used_original_script	
9999	8A79	楽	1	165	210	179	224	yes	used_original_script	
9999	8A7A	額	1	180	210	194	224	yes	used_original_script	
9999	8A7C	掛	1	195	210	209	224	no	reserved	
9999	8A84	割	1	210	210	224	224	yes	used_original_script	
9999	8A88	活	1	225	210	239	224	yes	used_original_script	
9999	8AA6	寒	1	240	210	254	224	yes	used_original_script	
9999	8AA8	勘	1	0	225	14	239	no	reserved	
9999	8AA9	勧	1	15	225	29	239	no	reserved	
9999	8AAA	巻	1	30	225	44	239	yes	used_original_script	
9999	8AAB	喚	1	45	225	59	239	no	reserved	
9999	8AAD	姦	1	60	225	74	239	no	reserved	
9999	8AAE	完	1	75	225	89	239	yes	used_original_script	
9999	8AB2	幹	1	90	225	104	239	no	reserved	
9999	8AB4	感	1	105	225	119	239	yes	used_original_script	
9999	8AB7	換	1	120	225	134	239	yes	used_original_script	
9999	8ABF	漢	1	135	225	149	239	no	reserved	
9999	8AC3	甘	1	150	225	164	239	yes	used_original_script	
9999	8AC4	監	1	165	225	179	239	yes	used_original_script	
9999	8AC7	管	1	180	225	194	239	yes	used_original_script	
9999	8AC8	簡	1	195	225	209	239	yes	used_original_script	
9999	8ACC	肝	1	210	225	224	239	no	reserved	
9999	8ACF	観	1	225	225	239	239	no	reserved	
9999	8AD1	貫	1	240	225	254	239	no	reserved	
9999	8AD4	間	1	0	240	14	254	yes	used_original_script	
9999	8AD5	閑	1	15	240	29	254	no	reserved	
9999	8AD6	関	1	30	240	44	254	yes	used_original_script	
9999	8ADB	丸	1	45	240	59	254	no	reserved	
9999	8ADC	含	1	60	240	74	254	no	reserved	
9999	8AE1	眼	1	75	240	89	254	no	reserved	
9999	8AE2	岩	1	90	240	104	254	no	reserved	
9999	8AE7	顔	1	105	240	119	254	yes	used_original_script	
9999	8AE8	願	1	120	240	134	254	yes	used_original_script	
9999	8AEB	危	1	135	240	149	254	yes	used_original_script	
9999	8AEC	喜	1	150	240	164	254	yes	used_original_script	
9999	8AED	器	1	165	240	179	254	no	reserved	
9999	8AEE	基	1	180	240	194	254	yes	used_original_script	
9999	8AEF	奇	1	195	240	209	254	yes	used_original_script	
9999	8AF0	嬉	1	210	240	224	254	no	reserved	
9999	8AF1	寄	1	225	240	239	254	yes	used_original_script	
9999	8AF2	岐	1	240	240	254	254	no	reserved	
9999	8AF3	希	2	0	0	14	14	yes	used_original_script	
9999	8AFA	期	2	15	0	29	14	yes	used_original_script	
9999	8B40	機	2	30	0	44	14	yes	used_original_script	
9999	8B41	帰	2	45	0	59	14	yes	used_original_script	
9999	8B43	気	2	60	0	74	14	yes	used_original_script	
9999	8B46	祈	2	75	0	89	14	no	reserved	
9999	8B47	季	2	90	0	104	14	no	reserved	
9999	8B4B	規	2	105	0	119	14	no	reserved	
9999	8B4C	記	2	120	0	134	14	yes	used_original_script	
9999	8B4D	貴	2	135	0	149	14	yes	used_original_script	
9999	8B4E	起	2	150	0	164	14	yes	used_original_script	
9999	8B50	輝	2	165	0	179	14	no	reserved	
9999	8B53	鬼	2	180	0	194	14	no	reserved	
9999	8B55	偽	2	195	0	209	14	no	reserved	
9999	8B56	儀	2	210	0	224	14	no	reserved	
9999	8B5A	技	2	225	0	239	14	yes	used_original_script	
9999	8B5B	擬	2	240	0	254	14	no	reserved	
9999	8B5D	犠	2	0	15	14	29	yes	used_original_script	
9999	8B5E	疑	2	15	15	29	29	yes	used_original_script	
9999	8B60	義	2	30	15	44	29	no	reserved	
9999	8B63	議	2	45	15	59	29	yes	used_original_script	
9999	8B67	吉	2	60	15	74	29	no	reserved	
9999	8B69	喫	2	75	15	89	29	no	reserved	
9999	8B6C	詰	2	90	15	104	29	yes	used_original_script	
9999	8B70	却	2	105	15	119	29	yes	used_original_script	
9999	8B71	客	2	120	15	134	29	yes	used_original_script	
9999	8B74	逆	2	135	15	149	29	yes	used_original_script	
9999	8B76	久	2	150	15	164	29	yes	used_original_script	
9999	8B78	休	2	165	15	179	29	yes	used_original_script	
9999	8B79	及	2	180	15	194	29	yes	used_original_script	
9999	8B7A	吸	2	195	15	209	29	yes	used_original_script	
9999	8B7B	宮	2	210	15	224	29	yes	used_original_script	
9999	8B7D	急	2	225	15	239	29	yes	used_original_script	
9999	8B7E	救	2	240	15	254	29	yes	used_original_script	
9999	8B81	求	2	0	30	14	44	yes	used_original_script	
9999	8B83	泣	2	15	30	29	44	yes	used_original_script	
9999	8B85	球	2	30	30	44	44	yes	used_original_script	
9999	8B86	究	2	45	30	59	44	yes	used_original_script	
9999	8B87	窮	2	60	30	74	44	yes	used_original_script	
9999	8B89	級	2	75	30	89	44	yes	used_original_script	
9999	8B8E	去	2	90	30	104	44	yes	used_original_script	
9999	8B8F	居	2	105	30	119	44	yes	used_original_script	
9999	8B90	巨	2	120	30	134	44	yes	used_original_script	
9999	8B92	拠	2	135	30	149	44	yes	used_original_script	
9999	8B93	挙	2	150	30	164	44	no	reserved	
9999	8B96	許	2	165	30	179	44	yes	used_original_script	
9999	8B97	距	2	180	30	194	44	no	reserved	
9999	8B9B	魚	2	195	30	209	44	no	reserved	
9999	8B9E	京	2	210	30	224	44	no	reserved	
9999	8B9F	供	2	225	30	239	44	yes	used_original_script	
9999	8BA4	共	2	240	30	254	44	no	reserved	
9999	8BA5	凶	2	0	45	14	59	yes	used_original_script	
9999	8BA6	協	2	15	45	29	59	yes	used_original_script	
9999	8BA9	叫	2	30	45	44	59	yes	used_original_script	
9999	8BAD	強	2	45	45	59	59	yes	used_original_script	
9999	8BB0	恐	2	60	45	74	59	yes	used_original_script	
9999	8BB3	教	2	75	45	89	59	yes	used_original_script	
9999	8BB5	況	2	90	45	104	59	yes	used_original_script	
9999	8BB6	狂	2	105	45	119	59	yes	used_original_script	
9999	8BB9	胸	2	120	45	134	59	yes	used_original_script	
9999	8BBA	脅	2	135	45	149	59	yes	used_original_script	
9999	8BBB	興	2	150	45	164	59	yes	used_original_script	
9999	8BBD	郷	2	165	45	179	59	yes	used_original_script	
9999	8BBE	鏡	2	180	45	194	59	no	reserved	
9999	8BBF	響	2	195	45	209	59	yes	used_original_script	
9999	8BC1	驚	2	210	45	224	59	yes	used_original_script	
9999	8BC6	業	2	225	45	239	59	yes	used_original_script	
9999	8BC7	局	2	240	45	254	59	yes	used_original_script	
9999	8BC8	曲	2	0	60	14	74	no	reserved	
9999	8BC9	極	2	15	60	29	74	yes	used_original_script	
9999	8BCA	玉	2	30	60	44	74	yes	used_original_script	
9999	8BCF	均	2	45	60	59	74	no	reserved	
9999	8BD6	禁	2	60	60	74	74	no	reserved	
9999	8BD9	緊	2	75	60	89	74	yes	used_original_script	
9999	8BDF	近	2	90	60	104	74	yes	used_original_script	
9999	8BE0	金	2	105	60	119	74	yes	used_original_script	
9999	8BE2	銀	2	120	60	134	74	yes	used_original_script	
9999	8BE4	倶	2	135	60	149	74	no	reserved	
9999	8BE5	句	2	150	60	164	74	yes	used_original_script	
9999	8BE6	区	2	165	60	179	74	yes	used_original_script	
9999	8BEA	苦	2	180	60	194	74	yes	used_original_script	
9999	8BEC	駆	2	195	60	209	74	yes	used_original_script	
9999	8BEF	具	2	210	60	224	74	no	reserved	
9999	8BF0	愚	2	225	60	239	74	yes	used_original_script	
9999	8BF2	喰	2	240	60	254	74	no	reserved	
9999	8BF3	空	2	0	75	14	89	yes	used_original_script	
9999	8BF8	串	2	15	75	29	89	no	reserved	
9999	8BFC	屈	2	30	75	44	89	yes	used_original_script	
9999	8C45	窪	2	45	75	59	89	no	reserved	
9999	8C4A	繰	2	60	75	74	89	yes	used_original_script	
9999	8C4E	君	2	75	75	89	89	yes	used_original_script	
9999	8C50	訓	2	90	75	104	89	yes	used_original_script	
9999	8C51	群	2	105	75	119	89	no	reserved	
9999	8C52	軍	2	120	75	134	89	yes	used_original_script	
9999	8C57	係	2	135	75	149	89	yes	used_original_script	
9999	8C59	刑	2	150	75	164	89	no	reserved	
9999	8C5A	兄	2	165	75	179	89	yes	used_original_script	
9999	8C5E	型	2	180	75	194	89	no	reserved	
9999	8C5F	契	2	195	75	209	89	no	reserved	
9999	8C60	形	2	210	75	224	89	yes	used_original_script	
9999	8C63	慶	2	225	75	239	89	no	reserved	
9999	8C65	憩	2	240	75	254	89	yes	used_original_script	
9999	8C66	掲	2	0	90	14	104	no	reserved	
9999	8C67	携	2	15	90	29	104	no	reserved	
9999	8C68	敬	2	30	90	44	104	yes	used_original_script	
9999	8C69	景	2	45	90	59	104	yes	used_original_script	
9999	8C6E	系	2	60	90	74	104	no	reserved	
9999	8C6F	経	2	75	90	89	104	no	reserved	
9999	8C70	継	2	90	90	104	104	no	reserved	
9999	8C76	計	2	105	90	119	104	yes	used_original_script	
9999	8C78	警	2	120	90	134	104	no	reserved	
9999	8C79	軽	2	135	90	149	104	yes	used_original_script	
9999	8C7D	迎	2	150	90	164	104	no	reserved	
9999	8C82	撃	2	165	90	179	104	yes	used_original_script	
9999	8C83	激	2	180	90	194	104	yes	used_original_script	
9999	8C87	欠	2	195	90	209	104	yes	used_original_script	
9999	8C88	決	2	210	90	224	104	yes	used_original_script	
9999	8C8A	穴	2	225	90	239	104	yes	used_original_script	
9999	8C8B	結	2	240	90	254	104	yes	used_original_script	
9999	8C8C	血	2	0	105	14	119	yes	used_original_script	
9999	8C8E	月	2	15	105	29	119	yes	used_original_script	
9999	8C8F	件	2	30	105	44	119	yes	used_original_script	
9999	8C92	健	2	45	105	59	119	no	reserved	
9999	8C95	剣	2	60	105	74	119	yes	used_original_script	
9999	8C97	圏	2	75	105	89	119	no	reserved	
9999	8C99	嫌	2	90	105	104	119	no	reserved	
9999	8C9A	建	2	105	105	119	119	yes	used_original_script	
9999	8C9B	憲	2	120	105	134	119	no	reserved	
9999	8C9D	拳	2	135	105	149	119	yes	used_original_script	
9999	8C9F	検	2	150	105	164	119	no	reserved	
9999	8CA0	権	2	165	105	179	119	yes	used_original_script	
9999	8CA2	犬	2	180	105	194	119	no	reserved	
9999	8CA4	研	2	195	105	209	119	yes	used_original_script	
9999	8CA7	県	2	210	105	224	119	no	reserved	
9999	8CA8	肩	2	225	105	239	119	yes	used_original_script	
9999	8CA9	見	2	240	105	254	119	yes	used_original_script	
9999	8CAF	険	2	0	120	14	134	yes	used_original_script	
9999	8CB1	験	2	15	120	29	134	yes	used_original_script	
9999	8CB3	元	2	30	120	44	134	yes	used_original_script	
9999	8CB4	原	2	45	120	59	134	yes	used_original_script	
9999	8CB5	厳	2	60	120	74	134	no	reserved	
9999	8CB8	減	2	75	120	89	134	yes	used_original_script	
9999	8CBB	現	2	90	120	104	134	yes	used_original_script	
9999	8CBE	言	2	105	120	119	134	yes	used_original_script	
9999	8CC0	限	2	120	120	134	134	yes	used_original_script	
9999	8CC2	個	2	135	120	149	134	yes	used_original_script	
9999	8CC3	古	2	150	120	164	134	no	reserved	
9999	8CC4	呼	2	165	120	179	134	yes	used_original_script	
9999	8CC5	固	2	180	120	194	134	no	reserved	
9999	8CC7	孤	2	195	120	209	134	no	reserved	
9999	8CC8	己	2	210	120	224	134	no	reserved	
9999	8CC9	庫	2	225	120	239	134	no	reserved	
9999	8CCC	故	2	240	120	254	134	yes	used_original_script	
9999	8CD6	誇	2	0	135	14	149	yes	used_original_script	
9999	8CDD	互	2	15	135	29	149	no	reserved	
9999	8CDF	午	2	30	135	44	149	no	reserved	
9999	8CE3	後	2	45	135	59	149	yes	used_original_script	
9999	8CE4	御	2	60	135	74	149	yes	used_original_script	
9999	8CE5	悟	2	75	135	89	149	yes	used_original_script	
9999	8CEA	語	2	90	135	104	149	yes	used_original_script	
9999	8CEB	誤	2	105	135	119	149	yes	used_original_script	
9999	8CEC	護	2	120	135	134	149	yes	used_original_script	
9999	8CEE	乞	2	135	135	149	149	no	reserved	
9999	8CF0	交	2	150	135	164	149	yes	used_original_script	
9999	8CF3	候	2	165	135	179	149	no	reserved	
9999	8CF5	光	2	180	135	194	149	yes	used_original_script	
9999	8CF6	公	2	195	135	209	149	no	reserved	
9999	8CF7	功	2	210	135	224	149	yes	used_original_script	
9999	8CF8	効	2	225	135	239	149	yes	used_original_script	
9999	8CFB	口	2	240	135	254	149	yes	used_original_script	
9999	8CFC	向	2	0	150	14	164	yes	used_original_script	
9999	8D44	好	2	15	150	29	164	yes	used_original_script	
9999	8D48	工	2	30	150	44	164	yes	used_original_script	
9999	8D4B	幸	2	45	150	59	164	yes	used_original_script	
9999	8D4C	広	2	60	150	74	164	yes	used_original_script	
9999	8D4E	康	2	75	150	89	164	no	reserved	
9999	8D52	抗	2	90	150	104	164	yes	used_original_script	
9999	8D54	控	2	105	150	119	164	no	reserved	
9999	8D55	攻	2	120	150	134	164	yes	used_original_script	
9999	8D58	更	2	135	150	149	164	no	reserved	
9999	8D5A	校	2	150	150	164	164	yes	used_original_script	
9999	8D5C	構	2	165	150	179	164	no	reserved	
9999	8D62	甲	2	180	150	194	164	yes	used_original_script	
9999	8D65	稿	2	195	150	209	164	no	reserved	
9999	8D6C	考	2	210	150	224	164	yes	used_original_script	
9999	8D72	荒	2	225	150	239	164	yes	used_original_script	
9999	8D73	行	2	240	150	254	164	yes	used_original_script	
9999	8D7C	鋼	2	0	165	14	179	no	reserved	
9999	8D7E	降	2	15	165	29	179	yes	used_original_script	
9999	8D80	項	2	30	165	44	179	no	reserved	
9999	8D81	香	2	45	165	59	179	no	reserved	
9999	8D82	高	2	60	165	74	179	yes	used_original_script	
9999	8D86	号	2	75	165	89	179	yes	used_original_script	
9999	8D87	合	2	90	165	104	179	yes	used_original_script	
9999	8D8E	克	2	105	165	119	179	yes	used_original_script	
9999	8D90	告	2	120	165	134	179	yes	used_original_script	
9999	8D91	国	2	135	165	149	179	yes	used_original_script	
9999	8D93	酷	2	150	165	164	179	no	reserved	
9999	8D95	黒	2	165	165	179	179	no	reserved	
9999	8D96	獄	2	180	165	194	179	yes	used_original_script	
9999	8D9C	骨	2	195	165	209	179	yes	used_original_script	
9999	8D9E	込	2	210	165	224	179	no	reserved	
9999	8DA0	頃	2	225	165	239	179	yes	used_original_script	
9999	8DA1	今	2	240	165	254	179	yes	used_original_script	
9999	8DA2	困	2	0	180	14	194	yes	used_original_script	
9999	8DA5	婚	2	15	180	29	194	yes	used_original_script	
9999	8DAA	根	2	30	180	44	194	yes	used_original_script	
9999	8DAC	混	2	45	180	59	194	yes	used_original_script	
9999	8DB0	魂	2	60	180	74	194	yes	used_original_script	
9999	8DB6	左	2	75	180	89	194	no	reserved	
9999	8DB7	差	2	90	180	104	194	yes	used_original_script	
9999	8DB8	査	2	105	180	119	194	yes	used_original_script	
9999	8DBD	鎖	2	120	180	134	194	no	reserved	
9999	8DC0	座	2	135	180	149	194	no	reserved	
9999	8DC1	挫	2	150	180	164	194	no	reserved	
9999	8DC3	催	2	165	180	179	194	yes	used_original_script	
9999	8DC4	再	2	180	180	194	194	yes	used_original_script	
9999	8DC5	最	2	195	180	209	194	yes	used_original_script	
9999	8DC7	塞	2	210	180	224	194	no	reserved	
9999	8DCB	才	2	225	180	239	194	yes	used_original_script	
9999	8DCE	歳	2	240	180	254	194	yes	used_original_script	
9999	8DCF	済	2	0	195	14	209	yes	used_original_script	
9999	8DD5	祭	2	15	195	29	209	no	reserved	
9999	8DD7	細	2	30	195	44	209	yes	used_original_script	
9999	8DD8	菜	2	45	195	59	209	no	reserved	
9999	8DD9	裁	2	60	195	74	209	no	reserved	
9999	8DDA	載	2	75	195	89	209	no	reserved	
9999	8DDB	際	2	90	195	104	209	no	reserved	
9999	8DDD	在	2	105	195	119	209	yes	used_original_script	
9999	8DDE	材	2	120	195	134	209	yes	used_original_script	
9999	8DDF	罪	2	135	195	149	209	yes	used_original_script	
9999	8DE3	阪	2	150	195	164	209	no	reserved	
9999	8DE9	埼	2	165	195	179	209	no	reserved	
9999	8DEC	作	2	180	195	194	209	yes	used_original_script	
9999	8DED	削	2	195	195	209	209	no	reserved	
9999	8DF0	昨	2	210	195	224	209	no	reserved	
9999	8DF4	策	2	225	195	239	209	yes	used_original_script	
9999	8DF5	索	2	240	195	254	209	no	reserved	
9999	8DFB	冊	2	0	210	14	224	no	reserved	
9999	8DFC	刷	2	15	210	29	224	no	reserved	
9999	8E40	察	2	30	210	44	224	yes	used_original_script	
9999	8E44	札	2	45	210	59	224	yes	used_original_script	
9999	8E45	殺	2	60	210	74	224	yes	used_original_script	
9999	8E47	雑	2	75	210	89	224	no	reserved	
9999	8E49	鯖	2	90	210	104	224	no	reserved	
9999	8E4D	皿	2	105	210	119	224	no	reserved	
9999	8E4E	晒	2	120	210	134	224	no	reserved	
9999	8E4F	三	2	135	210	149	224	yes	used_original_script	
9999	8E51	参	2	150	210	164	224	yes	used_original_script	
9999	8E52	山	2	165	210	179	224	yes	used_original_script	
9999	8E53	惨	2	180	210	194	224	no	reserved	
9999	8E55	散	2	195	210	209	224	yes	used_original_script	
9999	8E59	産	2	210	210	224	224	no	reserved	
9999	8E5A	算	2	225	210	239	224	yes	used_original_script	
9999	8E5E	賛	2	240	210	254	224	no	reserved	
9999	8E61	斬	2	0	225	14	239	yes	used_original_script	
9999	8E63	残	2	15	225	29	239	yes	used_original_script	
9999	8E64	仕	2	30	225	44	239	yes	used_original_script	
9999	8E67	使	2	45	225	59	239	yes	used_original_script	
9999	8E69	司	2	60	225	74	239	no	reserved	
9999	8E6A	史	2	75	225	89	239	yes	used_original_script	
9999	8E6D	士	2	90	225	104	239	yes	used_original_script	
9999	8E6E	始	2	105	225	119	239	yes	used_original_script	
9999	8E6F	姉	2	120	225	134	239	yes	used_original_script	
9999	8E70	姿	2	135	225	149	239	yes	used_original_script	
9999	8E71	子	2	150	225	164	239	yes	used_original_script	
9999	8E73	市	2	165	225	179	239	yes	used_original_script	
9999	8E74	師	2	180	225	194	239	yes	used_original_script	
9999	8E75	志	2	195	225	209	239	yes	used_original_script	
9999	8E76	思	2	210	225	224	239	yes	used_original_script	
9999	8E77	指	2	225	225	239	239	yes	used_original_script	
9999	8E78	支	2	240	225	254	239	yes	used_original_script	
9999	8E7E	止	2	0	240	14	254	yes	used_original_script	
9999	8E80	死	2	15	240	29	254	yes	used_original_script	
9999	8E84	私	2	30	240	44	254	yes	used_original_script	
9999	8E85	糸	2	45	240	59	254	yes	used_original_script	
9999	8E86	紙	2	60	240	74	254	no	reserved	
9999	8E8B	視	2	75	240	89	254	yes	used_original_script	
9999	8E8C	詞	2	90	240	104	254	no	reserved	
9999	8E8D	詩	2	105	240	119	254	no	reserved	
9999	8E8E	試	2	120	240	134	254	yes	used_original_script	
9999	8E91	資	2	135	240	149	254	no	reserved	
9999	8E95	歯	2	150	240	164	254	yes	used_original_script	
9999	8E96	事	2	165	240	179	254	yes	used_original_script	
9999	8E97	似	2	180	240	194	254	yes	used_original_script	
9999	8E99	児	2	195	240	209	254	yes	used_original_script	
9999	8E9A	字	2	210	240	224	254	yes	used_original_script	
9999	8E9D	持	2	225	240	239	254	yes	used_original_script	
9999	8E9E	時	2	240	240	254	254	yes	used_original_script	
9999	8E9F	次	3	0	0	14	14	yes	used_original_script	
9999	8EA1	治	3	15	0	29	14	yes	used_original_script	
9999	8EA6	示	3	30	0	44	14	yes	used_original_script	
9999	8EA8	耳	3	45	0	59	14	yes	used_original_script	
9999	8EA9	自	3	60	0	74	14	yes	used_original_script	
9999	8EAB	辞	3	75	0	89	14	no	reserved	
9999	8EAD	鹿	3	90	0	104	14	no	reserved	
9999	8EAE	式	3	105	0	119	14	no	reserved	
9999	8EAF	識	3	120	0	134	14	yes	used_original_script	
9999	8EB5	七	3	135	0	149	14	no	reserved	
9999	8EB7	執	3	150	0	164	14	yes	used_original_script	
9999	8EB8	失	3	165	0	179	14	yes	used_original_script	
9999	8EBA	室	3	180	0	194	14	yes	used_original_script	
9999	8EBF	質	3	195	0	209	14	yes	used_original_script	
9999	8EC0	実	3	210	0	224	14	yes	used_original_script	
9999	8EC5	芝	3	225	0	239	14	yes	used_original_script	
9999	8EC9	舎	3	240	0	254	14	no	reserved	
9999	8ECA	写	3	0	15	14	29	no	reserved	
9999	8ECC	捨	3	15	15	29	29	no	reserved	
9999	8ECD	赦	3	30	15	44	29	yes	used_original_script	
9999	8ED0	社	3	45	15	59	29	no	reserved	
9999	8ED2	者	3	60	15	74	29	yes	used_original_script	
9999	8ED3	謝	3	75	15	89	29	yes	used_original_script	
9999	8ED4	車	3	90	15	104	29	yes	used_original_script	
9999	8ED7	邪	3	105	15	119	29	yes	used_original_script	
9999	8ED8	借	3	120	15	134	29	yes	used_original_script	
9999	8EE3	弱	3	135	15	149	29	yes	used_original_script	
9999	8EE5	主	3	150	15	164	29	yes	used_original_script	
9999	8EE6	取	3	165	15	179	29	yes	used_original_script	
9999	8EE7	守	3	180	15	194	29	yes	used_original_script	
9999	8EE8	手	3	195	15	209	29	yes	used_original_script	
9999	8EEA	殊	3	210	15	224	29	yes	used_original_script	
9999	8EED	種	3	225	15	239	29	yes	used_original_script	
9999	8EF0	酒	3	240	15	254	29	no	reserved	
9999	8EF1	首	3	0	30	14	44	yes	used_original_script	
9999	8EF3	受	3	15	30	29	44	yes	used_original_script	
9999	8EF4	呪	3	30	30	44	44	yes	used_original_script	
9999	8EF5	寿	3	45	30	59	44	no	reserved	
9999	8EFB	収	3	60	30	74	44	yes	used_original_script	
9999	8EFC	周	3	75	30	89	44	no	reserved	
9999	8F43	修	3	90	30	104	44	yes	used_original_script	
9999	8F47	秀	3	105	30	119	44	no	reserved	
9999	8F48	秋	3	120	30	134	44	no	reserved	
9999	8F49	終	3	135	30	149	44	yes	used_original_script	
9999	8F4B	習	3	150	30	164	44	yes	used_original_script	
9999	8F4C	臭	3	165	30	179	44	no	reserved	
9999	8F50	襲	3	180	30	194	44	yes	used_original_script	
9999	8F51	讐	3	195	30	209	44	yes	used_original_script	
9999	8F54	週	3	210	30	224	44	yes	used_original_script	
9999	8F57	集	3	225	30	239	44	yes	used_original_script	
9999	8F5A	住	3	240	30	254	44	yes	used_original_script	
9999	8F5C	十	3	0	45	14	59	yes	used_original_script	
9999	8F5D	従	3	15	45	29	59	yes	used_original_script	
9999	8F60	汁	3	30	45	44	59	no	reserved	
9999	8F64	重	3	45	45	59	59	yes	used_original_script	
9999	8F65	銃	3	60	45	74	59	yes	used_original_script	
9999	8F68	宿	3	75	45	89	59	no	reserved	
9999	8F6B	縮	3	90	45	104	59	no	reserved	
9999	8F6D	塾	3	105	45	119	59	yes	used_original_script	
9999	8F6E	熟	3	120	45	134	59	no	reserved	
9999	8F6F	出	3	135	45	149	59	yes	used_original_script	
9999	8F70	術	3	150	45	164	59	yes	used_original_script	
9999	8F71	述	3	165	45	179	59	no	reserved	
9999	8F75	瞬	3	180	45	194	59	yes	used_original_script	
9999	8F80	準	3	195	45	209	59	no	reserved	
9999	8F82	盾	3	210	45	224	59	no	reserved	
9999	8F83	純	3	225	45	239	59	yes	used_original_script	
9999	8F87	順	3	240	45	254	59	yes	used_original_script	
9999	8F88	処	3	0	60	14	74	no	reserved	
9999	8F89	初	3	15	60	29	74	yes	used_original_script	
9999	8F8A	所	3	30	60	44	74	yes	used_original_script	
9999	8F8B	暑	3	45	60	59	74	no	reserved	
9999	8F8F	緒	3	60	60	74	74	yes	used_original_script	
9999	8F90	署	3	75	60	89	74	no	reserved	
9999	8F91	書	3	90	60	104	74	no	reserved	
9999	8F95	助	3	105	60	119	74	yes	used_original_script	
9999	8F97	女	3	120	60	134	74	yes	used_original_script	
9999	8F99	徐	3	135	60	149	74	yes	used_original_script	
9999	8F9C	除	3	150	60	164	74	yes	used_original_script	
9999	8F9D	傷	3	165	60	179	74	yes	used_original_script	
9999	8F9F	勝	3	180	60	194	74	yes	used_original_script	
9999	8FA2	召	3	195	60	209	74	no	reserved	
9999	8FA4	商	3	210	60	224	74	no	reserved	
9999	8FAB	将	3	225	60	239	74	yes	used_original_script	
9999	8FAC	小	3	240	60	254	74	yes	used_original_script	
9999	8FAD	少	3	0	75	14	89	yes	used_original_script	
9999	8FB0	床	3	15	75	29	89	no	reserved	
9999	8FB3	承	3	30	75	44	89	no	reserved	
9999	8FB5	招	3	45	75	59	89	no	reserved	
9999	8FBB	晶	3	60	75	74	89	no	reserved	
9999	8FBC	松	3	75	75	89	89	no	reserved	
9999	8FC1	消	3	90	75	104	89	yes	used_original_script	
9999	8FC4	焼	3	105	75	119	89	no	reserved	
9999	8FC8	省	3	120	75	134	89	no	reserved	
9999	8FCD	章	3	135	75	149	89	no	reserved	
9999	8FCE	笑	3	150	75	164	89	yes	used_original_script	
9999	8FD0	紹	3	165	75	179	89	no	reserved	
9999	8FD5	衝	3	180	75	194	89	yes	used_original_script	
9999	8FD8	証	3	195	75	209	89	yes	used_original_script	
9999	8FDA	詳	3	210	75	224	89	no	reserved	
9999	8FDB	象	3	225	75	239	89	no	reserved	
9999	8FDC	賞	3	240	75	254	89	yes	used_original_script	
9999	8FE1	障	3	0	90	14	104	no	reserved	
9999	8FE3	上	3	15	90	29	104	yes	used_original_script	
9999	8FE4	丈	3	30	90	44	104	yes	used_original_script	
9999	8FE6	乗	3	45	90	59	104	yes	used_original_script	
9999	8FE7	冗	3	60	90	74	104	yes	used_original_script	
9999	8FE8	剰	3	75	90	89	104	yes	used_original_script	
9999	8FEA	場	3	90	90	104	104	yes	used_original_script	
9999	8FED	常	3	105	90	119	104	yes	used_original_script	
9999	8FEE	情	3	120	90	134	104	yes	used_original_script	
9999	8FF0	条	3	135	90	149	104	yes	used_original_script	
9999	8FF3	状	3	150	90	164	104	yes	used_original_script	
9999	8FFC	飾	3	165	90	179	104	yes	used_original_script	
9999	9041	植	3	180	90	194	104	no	reserved	
9999	9044	織	3	195	90	209	104	no	reserved	
9999	9046	色	3	210	90	224	104	yes	used_original_script	
9999	9047	触	3	225	90	239	104	no	reserved	
9999	9048	食	3	240	90	254	104	yes	used_original_script	
9999	904A	辱	3	0	105	14	119	yes	used_original_script	
9999	904C	伸	3	15	105	29	119	no	reserved	
9999	904D	信	3	30	105	44	119	yes	used_original_script	
9999	904E	侵	3	45	105	59	119	yes	used_original_script	
9999	9051	寝	3	60	105	74	119	yes	used_original_script	
9999	9052	審	3	75	105	89	119	no	reserved	
9999	9053	心	3	90	105	104	119	yes	used_original_script	
9999	9055	振	3	105	105	119	119	yes	used_original_script	
9999	9056	新	3	120	105	134	119	yes	used_original_script	
9999	9057	晋	3	135	105	149	119	no	reserved	
9999	905B	深	3	150	105	164	119	yes	used_original_script	
9999	905C	申	3	165	105	179	119	yes	used_original_script	
9999	905E	真	3	180	105	194	119	yes	used_original_script	
9999	905F	神	3	195	105	209	119	yes	used_original_script	
9999	9061	紳	3	210	105	224	119	no	reserved	
9999	9065	親	3	225	105	239	119	yes	used_original_script	
9999	9067	身	3	240	105	254	119	yes	used_original_script	
9999	9069	進	3	0	120	14	134	yes	used_original_script	
9999	906A	針	3	15	120	29	134	no	reserved	
9999	906B	震	3	30	120	44	134	yes	used_original_script	
9999	906C	人	3	45	120	59	134	yes	used_original_script	
9999	9071	尋	3	60	120	74	134	no	reserved	
9999	9077	陣	3	75	120	89	134	yes	used_original_script	
9999	907B	須	3	90	120	104	134	no	reserved	
9999	907D	図	3	105	120	119	134	yes	used_original_script	
9999	907E	厨	3	120	120	134	134	no	reserved	
9999	9081	吹	3	135	120	149	134	yes	used_original_script	
9999	9082	垂	3	150	120	164	134	no	reserved	
9999	9084	推	3	165	120	179	134	no	reserved	
9999	9085	水	3	180	120	194	134	no	reserved	
9999	9088	粋	3	195	120	209	134	yes	used_original_script	
9999	9091	髄	3	210	120	224	134	yes	used_original_script	
9999	9094	数	3	225	120	239	134	yes	used_original_script	
9999	9095	枢	3	240	120	254	134	yes	used_original_script	
9999	90A1	寸	3	0	135	14	149	yes	used_original_script	
9999	90A2	世	3	15	135	29	149	yes	used_original_script	
9999	90A7	制	3	30	135	44	149	yes	used_original_script	
9999	90A8	勢	3	45	135	59	149	yes	used_original_script	
9999	90AA	征	3	60	135	74	149	yes	used_original_script	
9999	90AB	性	3	75	135	89	149	yes	used_original_script	
9999	90AC	成	3	90	135	104	149	yes	used_original_script	
9999	90AE	整	3	105	135	119	149	no	reserved	
9999	90AF	星	3	120	135	134	149	yes	used_original_script	
9999	90B0	晴	3	135	135	149	149	yes	used_original_script	
9999	90B3	正	3	150	135	164	149	yes	used_original_script	
9999	90B5	牲	3	165	135	179	149	yes	used_original_script	
9999	90B6	生	3	180	135	194	149	yes	used_original_script	
9999	90B8	精	3	195	135	209	149	yes	used_original_script	
9999	90B9	聖	3	210	135	224	149	yes	used_original_script	
9999	90BA	声	3	225	135	239	149	yes	used_original_script	
9999	90BB	製	3	240	135	254	149	no	reserved	
9999	90BC	西	3	0	150	14	164	yes	used_original_script	
9999	90BE	誓	3	15	150	29	164	yes	used_original_script	
9999	90C0	逝	3	30	150	44	164	no	reserved	
9999	90C1	醒	3	45	150	59	164	no	reserved	
9999	90C2	青	3	60	150	74	164	yes	used_original_script	
9999	90C3	静	3	75	150	89	164	yes	used_original_script	
9999	90CC	昔	3	90	150	104	164	yes	used_original_script	
9999	90CD	析	3	105	150	119	164	no	reserved	
9999	90CE	石	3	120	150	134	164	yes	used_original_script	
9999	90CF	積	3	135	150	149	164	no	reserved	
9999	90D1	績	3	150	150	164	164	yes	used_original_script	
9999	90D3	責	3	165	150	179	164	yes	used_original_script	
9999	90D4	赤	3	180	150	194	164	yes	used_original_script	
9999	90D5	跡	3	195	150	209	164	yes	used_original_script	
9999	90D8	切	3	210	150	224	164	yes	used_original_script	
9999	90DA	接	3	225	150	239	164	yes	used_original_script	
9999	90DC	折	3	240	150	254	164	no	reserved	
9999	90DD	設	3	0	165	14	179	no	reserved	
9999	90DF	節	3	15	165	29	179	no	reserved	
9999	90E0	説	3	30	165	44	179	yes	used_original_script	
9999	90E1	雪	3	45	165	59	179	no	reserved	
9999	90E2	絶	3	60	165	74	179	yes	used_original_script	
9999	90E5	仙	3	75	165	89	179	yes	used_original_script	
9999	90E6	先	3	90	165	104	179	yes	used_original_script	
9999	90E7	千	3	105	165	119	179	yes	used_original_script	
9999	90E8	占	3	120	165	134	179	yes	used_original_script	
9999	90E9	宣	3	135	165	149	179	yes	used_original_script	
9999	90EA	専	3	150	165	164	179	yes	used_original_script	
9999	90EC	川	3	165	165	179	179	no	reserved	
9999	90ED	戦	3	180	165	194	179	yes	used_original_script	
9999	90F6	潜	3	195	165	209	179	yes	used_original_script	
9999	90FC	線	3	210	165	224	179	yes	used_original_script	
9999	9140	繊	3	225	165	239	179	yes	used_original_script	
9999	9144	船	3	240	165	254	179	yes	used_original_script	
9999	9146	詮	3	0	180	14	194	no	reserved	
9999	9148	践	3	15	180	29	194	no	reserved	
9999	9149	選	3	30	180	44	194	yes	used_original_script	
9999	914D	閃	3	45	180	59	194	yes	used_original_script	
9999	914E	鮮	3	60	180	74	194	no	reserved	
9999	914F	前	3	75	180	89	194	yes	used_original_script	
9999	9150	善	3	90	180	104	194	yes	used_original_script	
9999	9152	然	3	105	180	119	194	yes	used_original_script	
9999	9153	全	3	120	180	134	194	yes	used_original_script	
9999	9156	膳	3	135	180	149	194	no	reserved	
9999	915F	狙	3	150	180	164	194	yes	used_original_script	
9999	9162	礎	3	165	180	179	194	no	reserved	
9999	9166	素	3	180	180	194	194	yes	used_original_script	
9999	9167	組	3	195	180	209	194	yes	used_original_script	
9999	9168	蘇	3	210	180	224	194	no	reserved	
9999	916A	阻	3	225	180	239	194	yes	used_original_script	
9999	916E	創	3	240	180	254	194	no	reserved	
9999	916F	双	3	0	195	14	209	yes	used_original_script	
9999	9171	倉	3	15	195	29	209	no	reserved	
9999	9174	奏	3	30	195	44	209	no	reserved	
9999	9177	層	3	45	195	59	209	no	reserved	
9999	917A	想	3	60	195	74	209	yes	used_original_script	
9999	917C	掃	3	75	195	89	209	yes	used_original_script	
9999	9180	操	3	90	195	104	209	yes	used_original_script	
9999	9181	早	3	105	195	119	209	yes	used_original_script	
9999	9188	争	3	120	195	134	209	yes	used_original_script	
9999	918A	相	3	135	195	149	209	yes	used_original_script	
9999	918D	総	3	150	195	164	209	no	reserved	
9999	9195	装	3	165	195	179	209	yes	used_original_script	
9999	9196	走	3	180	195	194	209	yes	used_original_script	
9999	9197	送	3	195	195	209	209	yes	used_original_script	
9999	919B	騒	3	210	195	224	209	yes	used_original_script	
9999	919C	像	3	225	195	239	209	yes	used_original_script	
9999	919D	増	3	240	195	254	209	yes	used_original_script	
9999	919E	憎	3	0	210	14	224	no	reserved	
9999	919F	臓	3	15	210	29	224	yes	used_original_script	
9999	91A2	造	3	30	210	44	224	yes	used_original_script	
9999	91A4	側	3	45	210	59	224	no	reserved	
9999	91A7	息	3	60	210	74	224	yes	used_original_script	
9999	91A8	捉	3	75	210	89	224	no	reserved	
9999	91A9	束	3	90	210	104	224	yes	used_original_script	
9999	91AA	測	3	105	210	119	224	no	reserved	
9999	91AB	足	3	120	210	134	224	yes	used_original_script	
9999	91AC	速	3	135	210	149	224	yes	used_original_script	
9999	91AE	属	3	150	210	164	224	no	reserved	
9999	91B0	族	3	165	210	179	224	yes	used_original_script	
9999	91B1	続	3	180	210	194	224	yes	used_original_script	
9999	91B6	存	3	195	210	209	224	yes	used_original_script	
9999	91B7	孫	3	210	210	224	224	yes	used_original_script	
9999	91B8	尊	3	225	210	239	224	yes	used_original_script	
9999	91B9	損	3	240	210	254	224	yes	used_original_script	
9999	91BA	村	3	0	225	14	239	no	reserved	
9999	91BC	他	3	15	225	29	239	yes	used_original_script	
9999	91BD	多	3	30	225	44	239	yes	used_original_script	
9999	91BE	太	3	45	225	59	239	yes	used_original_script	
9999	91C5	打	3	60	225	74	239	yes	used_original_script	
9999	91CA	駄	3	75	225	89	239	no	reserved	
9999	91CC	体	3	90	225	104	239	yes	used_original_script	
9999	91CE	対	3	105	225	119	239	yes	used_original_script	
9999	91CF	耐	3	120	225	134	239	yes	used_original_script	
9999	91D1	帯	3	135	225	149	239	no	reserved	
9999	91D2	待	3	150	225	164	239	yes	used_original_script	
9999	91D4	態	3	165	225	179	239	yes	used_original_script	
9999	91D6	替	3	180	225	194	239	no	reserved	
9999	91DD	貸	3	195	225	209	239	yes	used_original_script	
9999	91DE	退	3	210	225	224	239	yes	used_original_script	
9999	91DF	逮	3	225	225	239	239	no	reserved	
9999	91E0	隊	3	240	225	254	239	yes	used_original_script	
9999	91E3	代	3	0	240	14	254	yes	used_original_script	
9999	91E4	台	3	15	240	29	254	no	reserved	
9999	91E5	大	3	30	240	44	254	yes	used_original_script	
9999	91E6	第	3	45	240	59	254	yes	used_original_script	
9999	91E8	題	3	60	240	74	254	yes	used_original_script	
9999	91EE	宅	3	75	240	89	254	yes	used_original_script	
9999	91F0	択	3	90	240	104	254	no	reserved	
9999	91F2	沢	3	105	240	119	254	no	reserved	
9999	9240	叩	3	120	240	134	254	yes	used_original_script	
9999	9242	達	3	135	240	149	254	yes	used_original_script	
9999	9244	奪	3	150	240	164	254	yes	used_original_script	
9999	9245	脱	3	165	240	179	254	yes	used_original_script	
9999	924E	誰	3	180	240	194	254	yes	used_original_script	
9999	9250	単	3	195	240	209	254	yes	used_original_script	
9999	9253	担	3	210	240	224	254	no	reserved	
9999	9254	探	3	225	240	239	254	yes	used_original_script	
9999	9255	旦	3	240	240	254	254	no	reserved	
9999	925A	短	4	0	0	14	14	no	custom_baseline	
9999	925B	端	4	15	0	29	14	no	reserved	
9999	9261	誕	4	30	0	44	14	yes	used_original_script	
9999	9262	鍛	4	45	0	59	14	no	reserved	
9999	9263	団	4	60	0	74	14	yes	used_original_script	
9999	9265	弾	4	75	0	89	14	yes	used_original_script	
9999	9266	断	4	90	0	104	14	yes	used_original_script	
9999	9269	段	4	105	0	119	14	yes	used_original_script	
9999	926A	男	4	120	0	134	14	yes	used_original_script	
9999	926B	談	4	135	0	149	14	yes	used_original_script	
9999	926C	値	4	150	0	164	14	no	reserved	
9999	926D	知	4	165	0	179	14	yes	used_original_script	
9999	926E	地	4	180	0	194	14	yes	used_original_script	
9999	9270	恥	4	195	0	209	14	no	reserved	
9999	9273	痴	4	210	0	224	14	no	reserved	
9999	9275	置	4	225	0	239	14	yes	used_original_script	
9999	9276	致	4	240	0	254	14	no	reserved	
9999	9277	蜘	4	0	15	14	29	no	reserved	
9999	9278	遅	4	15	15	29	29	yes	used_original_script	
9999	927A	築	4	30	15	44	29	yes	used_original_script	
9999	9283	茶	4	45	15	59	29	no	reserved	
9999	9285	着	4	60	15	74	29	yes	used_original_script	
9999	9286	中	4	75	15	89	29	yes	used_original_script	
9999	9287	仲	4	90	15	104	29	yes	used_original_script	
9999	9288	宙	4	105	15	119	29	yes	used_original_script	
9999	928B	昼	4	120	15	134	29	no	reserved	
9999	928D	注	4	135	15	149	29	yes	used_original_script	
9999	928E	虫	4	150	15	164	29	yes	used_original_script	
9999	9296	猪	4	165	15	179	29	no	reserved	
9999	9298	著	4	180	15	194	29	no	reserved	
9999	92A1	庁	4	195	15	209	29	no	reserved	
9999	92A3	張	4	210	15	224	29	no	reserved	
9999	92A6	懲	4	225	15	239	29	no	reserved	
9999	92A7	挑	4	240	15	254	29	yes	used_original_script	
9999	92A9	朝	4	0	30	14	44	no	reserved	
9999	92AA	潮	4	15	30	29	44	yes	used_original_script	
9999	92AC	町	4	30	30	44	44	yes	used_original_script	
9999	92AE	聴	4	45	30	59	44	no	reserved	
9999	92B2	調	4	60	30	74	44	yes	used_original_script	
9999	92B4	超	4	75	30	89	44	yes	used_original_script	
9999	92B7	長	4	90	30	104	44	yes	used_original_script	
9999	92B9	鳥	4	105	30	119	44	no	reserved	
9999	92BC	直	4	120	30	134	44	yes	used_original_script	
9999	92C3	津	4	135	30	149	44	yes	used_original_script	
9999	92C7	追	4	150	30	164	44	yes	used_original_script	
9999	92C9	痛	4	165	30	179	44	yes	used_original_script	
9999	92CA	通	4	180	30	194	44	yes	used_original_script	
9999	92CB	塚	4	195	30	209	44	no	reserved	
9999	92DE	釣	4	210	30	224	44	no	reserved	
9999	92E1	低	4	225	30	239	44	no	reserved	
9999	92E2	停	4	240	30	254	44	yes	used_original_script	
9999	92E8	定	4	0	45	14	59	yes	used_original_script	
9999	92E9	帝	4	15	45	29	59	yes	used_original_script	
9999	92EA	底	4	30	45	44	59	yes	used_original_script	
9999	92ED	弟	4	45	45	59	59	yes	used_original_script	
9999	92EF	抵	4	60	45	74	59	yes	used_original_script	
9999	92F1	提	4	75	45	89	59	yes	used_original_script	
9999	92F6	程	4	90	45	104	59	yes	used_original_script	
9999	9345	摘	4	105	45	119	59	no	reserved	
9999	9347	敵	4	120	45	134	59	yes	used_original_script	
9999	9349	的	4	135	45	149	59	yes	used_original_script	
9999	934B	適	4	150	45	164	59	no	reserved	
9999	934F	徹	4	165	45	179	59	no	reserved	
9999	9350	撤	4	180	45	194	59	yes	used_original_script	
9999	9353	鉄	4	195	45	209	59	no	reserved	
9999	9356	天	4	210	45	224	59	yes	used_original_script	
9999	9357	展	4	225	45	239	59	no	reserved	
9999	9358	店	4	240	45	254	59	no	reserved	
9999	935C	貼	4	0	60	14	74	no	reserved	
9999	935D	転	4	15	60	29	74	no	reserved	
9999	935F	点	4	30	60	44	74	yes	used_original_script	
9999	9360	伝	4	45	60	59	74	yes	used_original_script	
9999	9361	殿	4	60	60	74	74	yes	used_original_script	
9999	9363	田	4	75	60	89	74	no	reserved	
9999	9364	電	4	90	60	104	74	no	reserved	
9999	9366	吐	4	105	60	119	74	yes	used_original_script	
9999	936B	徒	4	120	60	134	74	no	reserved	
9999	936E	渡	4	135	60	149	74	yes	used_original_script	
9999	936F	登	4	150	60	164	74	yes	used_original_script	
9999	9372	途	4	165	60	179	74	yes	used_original_script	
9999	9373	都	4	180	60	194	74	yes	used_original_script	
9999	9377	努	4	195	60	209	74	yes	used_original_script	
9999	9378	度	4	210	60	224	74	yes	used_original_script	
9999	9379	土	4	225	60	239	74	no	reserved	
9999	937A	奴	4	240	60	254	74	yes	used_original_script	
9999	937B	怒	4	0	75	14	89	yes	used_original_script	
9999	937C	倒	4	15	75	29	89	yes	used_original_script	
9999	9381	刀	4	30	75	44	89	yes	used_original_script	
9999	9385	套	4	45	75	59	89	no	reserved	
9999	9386	宕	4	60	75	74	89	no	reserved	
9999	9387	島	4	75	75	89	89	yes	used_original_script	
9999	938A	投	4	90	75	104	89	yes	used_original_script	
9999	938B	搭	4	105	75	119	89	no	reserved	
9999	938C	東	4	120	75	134	89	yes	used_original_script	
9999	9390	盗	4	135	75	149	89	no	reserved	
9999	9396	当	4	150	75	164	89	yes	used_original_script	
9999	9399	等	4	165	75	179	89	yes	used_original_script	
9999	939A	答	4	180	75	194	89	yes	used_original_script	
9999	939D	統	4	195	75	209	89	no	reserved	
9999	939E	到	4	210	75	224	89	yes	used_original_script	
9999	93A2	討	4	225	75	239	89	yes	used_original_script	
9999	93A4	豆	4	240	75	254	89	yes	used_original_script	
9999	93A6	逃	4	0	90	14	104	yes	used_original_script	
9999	93A7	透	4	15	90	29	104	no	reserved	
9999	93AA	頭	4	30	90	44	104	yes	used_original_script	
9999	93AC	闘	4	45	90	59	104	yes	used_original_script	
9999	93AD	働	4	60	90	74	104	yes	used_original_script	
9999	93AE	動	4	75	90	89	104	yes	used_original_script	
9999	93AF	同	4	90	90	104	104	yes	used_original_script	
9999	93B0	堂	4	105	90	119	104	no	reserved	
9999	93B1	導	4	120	90	134	104	yes	used_original_script	
9999	93B9	道	4	135	90	149	104	yes	used_original_script	
9999	93BE	得	4	150	90	164	104	yes	used_original_script	
9999	93C1	特	4	165	90	179	104	yes	used_original_script	
9999	93C6	独	4	180	90	194	104	yes	used_original_script	
9999	93C7	読	4	195	90	209	104	no	reserved	
9999	93CA	凸	4	210	90	224	104	no	reserved	
9999	93CB	突	4	225	90	239	104	yes	used_original_script	
9999	93CD	届	4	240	90	254	104	yes	used_original_script	
9999	93D8	豚	4	0	105	14	119	no	reserved	
9999	93DE	奈	4	15	105	29	119	no	reserved	
9999	93E0	内	4	30	105	44	119	yes	used_original_script	
9999	93E4	謎	4	45	105	59	119	yes	used_original_script	
9999	93EF	難	4	60	105	74	119	yes	used_original_script	
9999	93F1	二	4	75	105	89	119	yes	used_original_script	
9999	93F7	肉	4	90	105	104	119	yes	used_original_script	
9999	93FA	日	4	105	105	119	119	yes	used_original_script	
9999	93FC	入	4	120	105	134	119	yes	used_original_script	
9999	9443	任	4	135	105	149	119	yes	used_original_script	
9999	9446	認	4	150	105	164	119	yes	used_original_script	
9999	944C	猫	4	165	105	179	119	no	reserved	
9999	944E	年	4	180	105	194	119	yes	used_original_script	
9999	944F	念	4	195	105	209	119	yes	used_original_script	
9999	9453	粘	4	210	105	224	119	no	reserved	
9999	9459	悩	4	225	105	239	119	yes	used_original_script	
9999	945A	濃	4	240	105	254	119	no	reserved	
9999	945B	納	4	0	120	14	134	yes	used_original_script	
9999	945C	能	4	15	120	29	134	yes	used_original_script	
9999	945D	脳	4	30	120	44	134	yes	used_original_script	
9999	9467	波	4	45	120	59	134	yes	used_original_script	
9999	9468	派	4	60	120	74	134	yes	used_original_script	
9999	946A	破	4	75	120	89	134	yes	used_original_script	
9999	946E	馬	4	90	120	104	134	no	reserved	
9999	9470	廃	4	105	120	119	134	no	reserved	
9999	9473	敗	4	120	120	134	134	yes	used_original_script	
9999	9474	杯	4	135	120	149	134	no	reserved	
9999	9477	背	4	150	120	164	134	yes	used_original_script	
9999	9479	輩	4	165	120	179	134	no	reserved	
9999	947A	配	4	180	120	194	134	yes	used_original_script	
9999	947B	倍	4	195	120	209	134	yes	used_original_script	
9999	9483	買	4	210	120	224	134	yes	used_original_script	
9999	9484	売	4	225	120	239	134	yes	used_original_script	
9999	9492	白	4	240	120	254	134	no	reserved	
9999	9496	薄	4	0	135	14	149	yes	used_original_script	
9999	9499	漠	4	15	135	29	149	no	reserved	
9999	949A	爆	4	30	135	44	149	yes	used_original_script	
9999	94AA	八	4	45	135	59	149	no	reserved	
9999	94AD	発	4	60	135	74	149	yes	used_original_script	
9999	94AF	髪	4	75	135	89	149	yes	used_original_script	
9999	94B1	罰	4	90	135	104	149	no	reserved	
9999	94B2	抜	4	105	135	119	149	yes	used_original_script	
9999	94BB	判	4	120	135	134	149	no	reserved	
9999	94BC	半	4	135	135	149	149	yes	used_original_script	
9999	94BD	反	4	150	135	164	149	yes	used_original_script	
9999	94C0	搬	4	165	135	179	149	no	reserved	
9999	94C2	板	4	180	135	194	149	no	reserved	
9999	94C5	版	4	195	135	209	149	no	reserved	
9999	94C6	犯	4	210	135	224	149	no	reserved	
9999	94CA	般	4	225	135	239	149	no	reserved	
9999	94CC	販	4	240	135	254	149	no	reserved	
9999	94CD	範	4	0	150	14	164	no	reserved	
9999	94D1	飯	4	15	150	29	164	yes	used_original_script	
9999	94D4	番	4	30	150	44	164	yes	used_original_script	
9999	94DE	彼	4	45	150	59	164	yes	used_original_script	
9999	94DF	悲	4	60	150	74	164	yes	used_original_script	
9999	94E0	扉	4	75	150	89	164	yes	used_original_script	
9999	94E1	批	4	90	150	104	164	no	reserved	
9999	94E4	比	4	105	150	119	164	no	reserved	
9999	94E6	疲	4	120	150	134	164	no	reserved	
9999	94ED	被	4	135	150	149	164	no	reserved	
9999	94EF	費	4	150	150	164	164	yes	used_original_script	
9999	94F1	非	4	165	150	179	164	no	reserved	
9999	94F2	飛	4	180	150	194	164	yes	used_original_script	
9999	94F5	備	4	195	150	209	164	yes	used_original_script	
9999	94F6	尾	4	210	150	224	164	no	reserved	
9999	94F7	微	4	225	150	239	164	yes	used_original_script	
9999	94FC	美	4	240	150	254	164	yes	used_original_script	
9999	9541	柊	4	0	165	14	179	no	reserved	
9999	9543	匹	4	15	165	29	179	yes	used_original_script	
9999	954B	必	4	30	165	44	179	yes	used_original_script	
9999	9553	百	4	45	165	59	179	no	reserved	
9999	9557	標	4	60	165	74	179	yes	used_original_script	
9999	9558	氷	4	75	165	89	179	yes	used_original_script	
9999	955B	票	4	90	165	104	179	no	reserved	
9999	955C	表	4	105	165	119	179	no	reserved	
9999	9560	描	4	120	165	134	179	no	reserved	
9999	9561	病	4	135	165	149	179	yes	used_original_script	
9999	9562	秒	4	150	165	164	179	no	reserved	
9999	9569	品	4	165	165	179	179	no	reserved	
9999	9571	敏	4	180	165	194	179	no	reserved	
9999	9573	不	4	195	165	209	179	yes	used_original_script	
9999	9574	付	4	210	165	224	179	no	reserved	
9999	9576	夫	4	225	165	239	179	yes	used_original_script	
9999	9577	婦	4	240	165	254	179	no	reserved	
9999	9578	富	4	0	180	14	194	no	reserved	
9999	957A	布	4	15	180	29	194	no	reserved	
9999	957C	怖	4	30	180	44	194	yes	used_original_script	
9999	957E	敷	4	45	180	59	194	yes	used_original_script	
9999	9581	普	4	60	180	74	194	yes	used_original_script	
9999	9582	浮	4	75	180	89	194	yes	used_original_script	
9999	9583	父	4	90	180	104	194	yes	used_original_script	
9999	9589	負	4	105	180	119	194	yes	used_original_script	
9999	958E	侮	4	120	180	134	194	no	reserved	
9999	9590	武	4	135	180	149	194	yes	used_original_script	
9999	9591	舞	4	150	180	164	194	yes	used_original_script	
9999	9594	部	4	165	180	179	194	yes	used_original_script	
9999	9595	封	4	180	180	194	194	yes	used_original_script	
9999	9597	風	4	195	180	209	194	yes	used_original_script	
9999	959A	伏	4	210	180	224	194	yes	used_original_script	
9999	959B	副	4	225	180	239	194	no	reserved	
9999	959C	復	4	240	180	254	194	yes	used_original_script	
9999	959D	幅	4	0	195	14	209	yes	used_original_script	
9999	959E	服	4	15	195	29	209	yes	used_original_script	
9999	95A0	腹	4	30	195	44	209	yes	used_original_script	
9999	95A1	複	4	45	195	59	209	no	reserved	
9999	95A5	払	4	60	195	74	209	yes	used_original_script	
9999	95A7	仏	4	75	195	89	209	no	reserved	
9999	95A8	物	4	90	195	104	209	yes	used_original_script	
9999	95AA	分	4	105	195	119	209	yes	used_original_script	
9999	95B1	奮	4	120	195	134	209	yes	used_original_script	
9999	95B3	糞	4	135	195	149	209	no	reserved	
9999	95B5	雰	4	150	195	164	209	yes	used_original_script	
9999	95B6	文	4	165	195	179	209	yes	used_original_script	
9999	95B7	聞	4	180	195	194	209	yes	used_original_script	
9999	95BA	兵	4	195	195	209	209	yes	used_original_script	
9999	95BD	平	4	210	195	224	209	yes	used_original_script	
9999	95C0	並	4	225	195	239	209	no	reserved	
9999	95C2	閉	4	240	195	254	209	yes	used_original_script	
9999	95C4	米	4	0	210	14	224	no	reserved	
9999	95C7	壁	4	15	210	29	224	yes	used_original_script	
9999	95CA	別	4	30	210	44	224	yes	used_original_script	
9999	95CE	偏	4	45	210	59	224	no	reserved	
9999	95CF	変	4	60	210	74	224	yes	used_original_script	
9999	95D0	片	4	75	210	89	224	no	reserved	
9999	95D2	編	4	90	210	104	224	no	reserved	
9999	95D3	辺	4	105	210	119	224	no	reserved	
9999	95D4	返	4	120	210	134	224	yes	used_original_script	
9999	95D6	便	4	135	210	149	224	no	reserved	
9999	95D7	勉	4	150	210	164	224	no	reserved	
9999	95D9	弁	4	165	210	179	224	no	reserved	
9999	95DB	保	4	180	210	194	224	yes	used_original_script	
9999	95DF	捕	4	195	210	209	224	no	reserved	
9999	95E0	歩	4	210	210	224	224	yes	used_original_script	
9999	95E2	補	4	225	210	239	224	no	reserved	
9999	95E5	募	4	240	210	254	224	no	reserved	
9999	95E6	墓	4	0	225	14	239	yes	used_original_script	
9999	95E9	暮	4	15	225	29	239	yes	used_original_script	
9999	95EA	母	4	30	225	44	239	yes	used_original_script	
9999	95EF	包	4	45	225	59	239	no	reserved	
9999	95F0	呆	4	60	225	74	239	no	reserved	
9999	95F1	報	4	75	225	89	239	yes	used_original_script	
9999	95F6	崩	4	90	225	104	239	yes	used_original_script	
9999	95F8	抱	4	105	225	119	239	no	reserved	
9999	95FA	放	4	120	225	134	239	yes	used_original_script	
9999	95FB	方	4	135	225	149	239	yes	used_original_script	
9999	9640	法	4	150	225	164	239	yes	used_original_script	
9999	9643	砲	4	165	225	179	239	yes	used_original_script	
9999	9645	胞	4	180	225	194	239	yes	used_original_script	
9999	964B	訪	4	195	225	209	239	yes	used_original_script	
9999	964C	豊	4	210	225	224	239	no	reserved	
9999	964F	飽	4	225	225	239	239	no	reserved	
9999	9653	亡	4	240	225	254	239	no	reserved	
9999	9654	傍	4	0	240	14	254	no	reserved	
9999	9656	坊	4	15	240	29	254	yes	used_original_script	
9999	9657	妨	4	30	240	44	254	no	reserved	
9999	9659	忘	4	45	240	59	254	yes	used_original_script	
9999	965B	房	4	60	240	74	254	no	reserved	
9999	965C	暴	4	75	240	89	254	yes	used_original_script	
9999	965D	望	4	90	240	104	254	yes	used_original_script	
9999	965F	棒	4	105	240	119	254	no	reserved	
9999	9660	冒	4	120	240	134	254	yes	used_original_script	
9999	9663	膨	4	135	240	149	254	no	reserved	
9999	9664	謀	4	150	240	164	254	yes	used_original_script	
9999	9668	防	4	165	240	179	254	yes	used_original_script	
9999	966B	北	4	180	240	194	254	yes	used_original_script	
9999	966C	僕	4	195	240	209	254	no	reserved	
9999	966F	撲	4	210	240	224	254	no	reserved	
9999	9675	勃	4	225	240	239	254	no	reserved	
9999	9677	殆	4	240	240	254	254	no	reserved	
9999	967B	本	5	0	0	14	14	yes	used_original_script	
9999	967C	翻	5	15	0	29	14	yes	used_original_script	
0	967E	盆	5	30	0	44	14	no	legacy_reusable	Could still be used by menus, images, or hard-coded strings; test in game.
9999	9681	磨	5	45	0	59	14	yes	used_original_script	
9999	9682	魔	5	60	0	74	14	yes	used_original_script	
9999	9684	埋	5	75	0	89	14	no	custom_baseline	
9999	9686	昧	5	90	0	104	14	no	custom_baseline	
9999	9687	枚	5	105	0	119	14	no	custom_baseline	
9999	9688	毎	5	120	0	134	14	yes	used_original_script	
9999	968B	幕	5	135	0	149	14	yes	used_original_script	
9999	9694	又	5	150	0	164	14	no	custom_baseline	
9999	9695	抹	5	165	0	179	14	yes	used_original_script	
9999	9696	末	5	180	0	194	14	yes	used_original_script	
9999	969C	万	5	195	0	209	14	yes	used_original_script	
9999	969D	慢	5	210	0	224	14	yes	used_original_script	
9999	969E	満	5	225	0	239	14	yes	used_original_script	
9999	96A1	味	5	240	0	254	14	yes	used_original_script	
9999	96A2	未	5	0	15	14	29	yes	used_original_script	
0	96A3	魅	5	15	15	29	29	no	legacy_reusable	Could still be used by menus, images, or hard-coded strings; test in game.
9999	96AD	妙	5	30	15	44	29	yes	used_original_script	
9999	96AF	民	5	45	15	59	29	no	custom_baseline	
9999	96B0	眠	5	60	15	74	29	yes	used_original_script	
9999	96B1	務	5	75	15	89	29	no	custom_baseline	
9999	96B2	夢	5	90	15	104	29	yes	used_original_script	
9999	96B3	無	5	105	15	119	29	yes	used_original_script	
9999	96B5	矛	5	120	15	134	29	no	custom_baseline	
9999	96BA	娘	5	135	15	149	29	yes	used_original_script	
9999	96BC	名	5	150	15	164	29	yes	used_original_script	
9999	96BD	命	5	165	15	179	29	yes	used_original_script	
9999	96BE	明	5	180	15	194	29	yes	used_original_script	
9999	96C0	迷	5	195	15	209	29	yes	used_original_script	
0	96C2	鳴	5	210	15	224	29	no	legacy_reusable	Could still be used by menus, images, or hard-coded strings; test in game.
9999	96C5	滅	5	225	15	239	29	yes	used_original_script	
9999	96CA	面	5	240	15	254	29	yes	used_original_script	
9999	96D1	毛	5	0	30	14	44	no	custom_baseline	
9999	96D2	猛	5	15	30	29	44	yes	used_original_script	
9999	96D8	木	5	30	30	44	44	no	custom_baseline	
9999	96D9	黙	5	45	30	59	44	yes	used_original_script	
9999	96DA	目	5	60	30	74	44	yes	used_original_script	
9999	96DF	戻	5	75	30	89	44	yes	used_original_script	
9999	96E1	貰	5	90	30	104	44	no	custom_baseline	
9999	96E2	問	5	105	30	119	44	yes	used_original_script	
9999	96E5	門	5	120	30	134	44	no	custom_baseline	
9999	96E9	夜	5	135	30	149	44	yes	used_original_script	
9999	96EC	野	5	150	30	164	44	yes	used_original_script	
9999	96EE	矢	5	165	30	179	44	no	custom_baseline	
9999	96F0	役	5	180	30	194	44	yes	used_original_script	
9999	96F1	約	5	195	30	209	44	yes	used_original_script	
9999	96F2	薬	5	210	30	224	44	yes	used_original_script	
9999	96F3	訳	5	225	30	239	44	no	custom_baseline	
9999	96F4	躍	5	240	30	254	44	yes	used_original_script	
9999	96FB	油	5	0	45	14	59	yes	used_original_script	
9999	9744	優	5	15	45	29	59	yes	used_original_script	
9999	9745	勇	5	30	45	44	59	no	custom_baseline	
9999	9746	友	5	45	45	59	59	yes	used_original_script	
9999	974C	有	5	60	45	74	59	yes	used_original_script	
9999	9752	由	5	75	45	89	59	yes	used_original_script	
9999	9754	裕	5	90	45	104	59	yes	used_original_script	
9999	9755	誘	5	105	45	119	59	yes	used_original_script	
9999	9756	遊	5	120	45	134	59	yes	used_original_script	
9999	975A	融	5	135	45	149	59	yes	used_original_script	
9999	975C	予	5	150	45	164	59	yes	used_original_script	
9999	975D	余	5	165	45	179	59	yes	used_original_script	
9999	975E	与	5	180	45	194	59	yes	used_original_script	
9999	9764	妖	5	195	45	209	59	yes	used_original_script	
9999	9765	容	5	210	45	224	59	yes	used_original_script	
9999	9767	揚	5	225	45	239	59	no	custom_baseline	
9999	9768	揺	5	240	45	254	59	no	custom_baseline	
9999	976A	曜	5	0	60	14	74	no	custom_baseline	
9999	976C	様	5	15	60	29	74	yes	used_original_script	
9999	976E	溶	5	30	60	44	74	no	custom_baseline	
9999	9770	用	5	45	60	59	74	yes	used_original_script	
9999	9774	葉	5	60	60	74	74	yes	used_original_script	
9999	9776	要	5	75	60	89	74	yes	used_original_script	
9999	977A	陽	5	90	60	104	74	yes	used_original_script	
9999	977B	養	5	105	60	119	74	yes	used_original_script	
9999	977D	抑	5	120	60	134	74	yes	used_original_script	
9999	977E	欲	5	135	60	149	74	no	custom_baseline	
9999	9782	翌	5	150	60	164	74	yes	used_original_script	
9999	9787	裸	5	165	60	179	74	no	custom_baseline	
9999	9788	来	5	180	60	194	74	yes	used_original_script	
9999	978A	頼	5	195	60	209	74	yes	used_original_script	
9999	978D	絡	5	210	60	224	74	yes	used_original_script	
9999	978E	落	5	225	60	239	74	yes	used_original_script	
9999	9790	乱	5	240	60	254	74	yes	used_original_script	
9999	9792	嵐	5	0	75	14	89	yes	used_original_script	
9999	9798	利	5	15	75	29	89	yes	used_original_script	
9999	979D	理	5	30	75	44	89	yes	used_original_script	
9999	97A0	裏	5	45	75	59	89	yes	used_original_script	
9999	97A3	離	5	60	75	74	89	no	custom_baseline	
9999	97A5	律	5	75	75	89	89	no	custom_baseline	
9999	97A6	率	5	90	75	104	89	no	custom_baseline	
9999	97A7	立	5	105	75	119	89	yes	used_original_script	
9999	97AA	略	5	120	75	134	89	yes	used_original_script	
9999	97AC	流	5	135	75	149	89	yes	used_original_script	
9999	97AD	溜	5	150	75	164	89	no	custom_baseline	
9999	97B4	龍	5	165	75	179	89	yes	used_original_script	
9999	97B6	慮	5	180	75	194	89	yes	used_original_script	
9999	97B7	旅	5	195	75	209	89	yes	used_original_script	
9999	97B9	了	5	210	75	224	89	yes	used_original_script	
9999	97BC	両	5	225	75	239	89	yes	used_original_script	
9999	97BF	料	5	240	75	254	89	yes	used_original_script	
9999	97C7	良	5	0	90	14	104	yes	used_original_script	
1707	97CA	量	5	15	90	29	104	no	candidate_requires_test	Could still be used by menus, images, or hard-coded strings; test in game.
9999	97CD	力	5	30	90	44	104	yes	used_original_script	
9999	97D7	隣	5	45	90	59	104	no	custom_baseline	
9999	97DE	類	5	60	90	74	104	yes	used_original_script	
9999	97DF	令	5	75	90	89	104	yes	used_original_script	
9999	97E1	例	5	90	90	104	104	yes	used_original_script	
9999	97E2	冷	5	105	90	119	104	yes	used_original_script	
9999	97E7	礼	5	120	90	134	104	yes	used_original_script	
9999	97F0	歴	5	135	90	149	104	yes	used_original_script	
9999	97F1	列	5	150	90	164	104	no	custom_baseline	
9999	97F2	劣	5	165	90	179	104	yes	used_original_script	
9999	97F3	烈	5	180	90	194	104	yes	used_original_script	
9999	97F4	裂	5	195	90	209	104	yes	used_original_script	
9999	97F6	恋	5	210	90	224	104	yes	used_original_script	
9999	97FB	練	5	225	90	239	104	yes	used_original_script	
9999	9841	連	5	240	90	254	104	yes	used_original_script	
9999	9846	炉	5	0	105	14	119	yes	used_original_script	
9999	9848	路	5	15	105	29	119	yes	used_original_script	
9999	984A	労	5	30	105	44	119	yes	used_original_script	
9999	984D	弄	5	45	105	59	119	yes	used_original_script	
9999	9851	浪	5	60	105	74	119	yes	used_original_script	
9999	9852	漏	5	75	105	89	119	no	custom_baseline	
9999	9854	狼	5	90	105	104	119	yes	used_original_script	
9999	9856	老	5	105	105	119	119	yes	used_original_script	
9999	9859	郎	5	120	105	134	119	yes	used_original_script	
9999	985A	六	5	135	105	149	119	no	custom_baseline	
9999	985E	録	5	150	105	164	119	no	custom_baseline	
9999	9861	和	5	165	105	179	119	yes	used_original_script	
9999	9862	話	5	180	105	194	119	yes	used_original_script	
9999	9866	惑	5	195	105	209	119	yes	used_original_script	
9999	986D	藁	5	210	105	224	119	no	custom_baseline	
9999	9872	腕	5	225	105	239	119	yes	used_original_script	
9999	98A4	丶	5	240	105	254	119	no	custom_baseline	
0	9AD0	墟	5	0	120	14	134	no	legacy_reusable	Could still be used by menus, images, or hard-coded strings; test in game.
9999	9AF8	奢	5	15	120	29	134	no	custom_baseline	
9999	9BB3	峙	5	30	120	44	134	yes	used_original_script	
9999	9C61	彗	5	45	120	59	134	yes	used_original_script	
9999	9CE0	憫	5	60	120	74	134	no	custom_baseline	
9999	9E42	曖	5	75	120	89	134	no	custom_baseline	
9999	E0CE	猥	5	90	120	104	134	no	custom_baseline	
9999	E0F8	璧	5	105	120	119	134	yes	used_original_script	
9999	E263	稍	5	120	120	134	134	no	custom_baseline	
9999	E472	舐	5	135	120	149	134	no	custom_baseline	
9999	E581	蛛	5	150	120	164	134	no	custom_baseline	
9999	E5F6	褻	5	165	120	179	134	no	custom_baseline	
9999	E690	謳	5	180	120	194	134	no	custom_baseline	
9999	E6D2	贅	5	195	120	209	134	no	custom_baseline	
0	E888	闊	5	210	120	224	134	no	legacy_reusable	Could still be used by menus, images, or hard-coded strings; test in game.
9999	E8A6	隕	5	225	120	239	134	yes	used_original_script	
9999	E94C	餃	5	240	120	254	134	yes	used_original_script	
9999	E951	餡	5	0	135	14	149	no	custom_baseline	
9999	E981	驕	5	15	135	29	149	no	custom_baseline	
