route	frame	row	simplified_chinese
bmr	00	0	魔人复活
bmr	00	1	悟空消失
bmr	00	2	最后的朋友
bmr	00	3	邪恶魔人布欧
bmr	01	0	你赢不了我！
bmr	01	1	最终决战
bmr	01	2	快乐时光
bmr	01	3	地狱入口
bmr	02	0	地狱的强者
brl	00	0	新贝吉塔行星
brl	00	1	失控的布罗利
brl	00	2	宿命对决！布罗利VS悟空
brl	00	3	布罗利的反击
brl	01	0	布罗利之死
brl	01	1	飞向宇宙
brl	01	2	传说VS完全体
brl	01	3	复活的魔人
brl	02	0	新的启程
brl	02	1	布罗利与撒旦
brl	02	2	布罗利觉醒
cel	00	0	神秘怪物终于现身！
cel	00	1	比克的拼死抵抗
cel	00	2	完全体诞生！
cel	00	3	最高级别的决战
cel	01	0	超越悟空的战士
cel	01	1	沙鲁游戏的结局
cel	01	2	沙鲁小子的地狱
cel	01	3	宇宙最强之位
cel	02	0	恶与恶的终极决战！
cel	02	1	争夺最强之位……
col	00	0	古拉进攻！
col	00	1	悟空VS古拉
col	00	2	比高星
col	00	3	金属古拉的末日
col	01	0	悟饭的末日
col	01	1	特兰克斯出击！
col	01	2	弗利萨的背叛
col	01	3	金属古拉降临地球
col	02	0	人造人
col	02	1	古拉的失败
col	02	2	终极生命体沙鲁
crr	00	0	发射元气弹！
crr	00	1	释放潜在能力
crr	00	2	弗利萨的恐怖
crr	00	3	克林的迷惘
crr	01	0	经验差距
crr	01	1	修行
crr	01	2	基纽特战队复活！
crr	01	3	地球战士们
crr	02	0	孤独之战
crr	02	1	逃向希望
drg	00	0	人造人进入城市
drg	00	1	人造人VS贝吉塔
drg	00	2	吸收能量
drg	00	3	18号觉醒
drg	01	0	贝吉塔败北
drg	01	1	支配者
drg	01	2	愤怒的特兰克斯
drg	01	3	完全体
drg	02	0	消灭沙鲁
egh	00	0	18号启动！
egh	00	1	游戏
egh	00	2	18号VS比克
egh	00	3	克林的迷惘
egh	01	0	天下第一武道会
egh	01	1	史上最强的孩子们
egh	01	2	失意之后
egh	01	3	10年前……
egh	02	0	16号的关怀
frz	00	0	弗利萨的焦躁
frz	00	1	弗利萨出击
frz	00	2	传说中的超级赛亚人
frz	00	3	前往地球……
frz	01	0	在地狱的日子
frz	01	1	暗杀弗利萨计划
frz	01	2	骨肉相残
frz	01	3	再次前往地球
frz	02	0	长生不老
gnu	00	0	基纽特战队
gnu	00	1	基纽特战队的危机
gnu	00	2	基纽VS基纽
gnu	00	3	特战队前往地球
gnu	01	0	基纽VS人造人
gnu	01	1	最大的危机
gnu	01	2	基纽首次联手
gnu	01	3	寻找最后的龙珠！
gnu	02	0	好痛啊，神龙！
gnu	02	1	必杀！特战队风暴
goh	00	0	觉醒
goh	00	1	沙鲁游戏
goh	00	2	金色战士
goh	00	3	陷阱
goh	01	0	Z剑
goh	01	1	释放真正力量
goh	01	2	破坏神
goh	01	3	未来
goh	02	0	重逢
goh	02	1	野心
goh	02	2	师父
goh	02	3	决战
gok	00	0	开始行动的帝王
gok	00	1	愤怒的战士
gok	00	2	20倍界王拳
gok	00	3	沙鲁游戏开幕！
gok	01	0	宿命对决
gok	01	1	最后的元气弹
gok	01	2	悟空VS古拉
gok	01	3	对决！金属古拉
gok	02	0	传说中的恶魔到来！
gok	02	1	命运的重逢
gok	02	2	跨越极限！
gok	02	3	究极战士诞生！
gok	03	0	宿命对决，再度上演！
gok	03	1	真正的武道家
gtk	00	0	融合！
gtk	00	1	与魔人布欧初次交锋！
gtk	00	2	必杀的超级赛亚人！
gtk	00	3	对决！邪恶魔人布欧
gtk	01	0	被破坏的门
gtk	01	1	最终决战！
gtk	01	2	悟天克斯VS贝吉塔
gtk	01	3	现身的邪恶布欧！
gtk	02	0	飞向宇宙旅行！
gtk	02	1	胜利的V字手势！
gtk	03	0	飞向宇宙旅行！
gtk	03	1	胜利的V字手势！
mxa	00	0	全员DP1
mxa	00	1	自称天才！！
mxa	00	2	弗利萨一伙
mxa	00	3	人造人来袭
mxa	01	0	追求完全之人
mxa	01	1	对战特战队！
mxa	01	2	希望！
mxa	01	3	地球战士们
mxa	02	0	龙族
mxa	02	1	对战弗利萨！
mxa	02	2	那美克游击队！
mxa	02	3	元祖赛亚人一家
mxa	03	0	弗利萨的手下们
mxa	03	1	盖洛博士的野心
mxa	03	2	Z战队
mxa	03	3	制霸宇宙之人
mxa	04	0	曾经的对手
mxa	04	1	少年组
mxa	04	2	剑士猎人
mxa	04	3	纯血赛亚人
mxb	00	0	复仇觉醒者
mxb	00	1	龙拳
mxb	00	2	那美克星人
mxb	00	3	觉醒吧！愤怒的超级赛亚人
mxb	01	0	吸收一切之人
mxb	01	1	被创造的灵魂
mxb	01	2	追求胜利之人
mxb	01	3	杀戮机器
mxb	02	0	传承教诲之人
mxb	02	1	弗利萨一族
mxb	02	2	打倒魔导师之人
mxb	02	3	天才头脑
mxb	03	0	来自现在、过去与未来的使者
mxb	03	1	不服输
mxb	03	2	美丽笑容
mxb	03	3	最终决战
mxb	04	0	继承赛亚人血脉的地球人
mxb	04	1	成长历程
mxb	04	2	完美沙鲁军团
mxb	04	3	两个魔人
mxc	00	0	对战贝吉塔
mxc	00	1	绿色洪流
mxc	00	2	极尽破坏者
mxc	00	3	赛亚王子
mxc	01	0	无法跨越的壁垒
mxc	01	1	超越魔人的力量
mxc	01	2	三大超级赛亚人
mxc	01	3	撒旦队？
mxc	02	0	巴比迪的仆从
mxc	02	1	永恒不灭
mxc	02	2	新那美克星之战
mxc	02	3	比高星
mxc	03	0	终极黑暗
mxc	03	1	纯血超级赛亚人
mxc	03	2	完全之人
mxc	03	3	火花四射！！
mxc	04	0	极限力量
mxc	04	1	超级无敌危险战队
mxc	04	2	终极之战
mxc	04	3	大家的英雄
pic	00	0	比克与悟饭
pic	00	1	比克的自信
pic	00	2	强敌人造人
pic	00	3	神秘怪物
pic	01	0	比克VS18号
pic	01	1	激战！魔人布欧
pic	01	2	神仙的条件
pic	01	3	沙鲁的暗中行动
pic	02	0	古拉与沙鲁
pic	02	1	古拉机甲战队
pic	02	2	完全体
trk	00	0	时光机
trk	00	1	神秘少年
trk	00	2	能打倒沙鲁吗！？
trk	00	3	超越父亲的超级特兰克斯！
trk	01	0	另一个结局
trk	01	1	为未来带来和平……
trk	01	2	孤身一人的战士
trk	01	3	特兰克斯与悟饭
trk	02	0	与18号分别
trk	02	1	伽力克爆裂
tut	00	0	移动
tut	00	1	攻击
tut	00	2	防御
tut	00	3	支援攻击
tut	01	0	换人
tut	01	1	积蓄气力
tut	01	2	追踪冲刺
tut	01	3	防护罩防御
tut	02	0	投技
tut	02	1	气弹
tut	02	2	气弹反射
tut	02	3	特殊能力
tut	03	0	必杀技
tut	03	1	必杀技对决
tut	03	2	团队必杀技
veg	00	0	开始行动的帝王
veg	00	1	那美克星之战
veg	00	2	贝吉塔VS18号
veg	00	3	超级贝吉塔
veg	01	0	暴露的邪念
veg	01	1	贝吉塔的舍命一战
veg	01	2	贝吉塔VS特兰克斯
veg	01	3	另一个未来
veg	02	0	贝吉塔的失败
veg	02	1	复活与胜利！
